date,Open,High,Low,Close
2016-01-04,20.166667938232422,20.496667861938477,20.1200008392334,20.48666763305664
2016-01-05,20.676666259765625,21.016666412353516,20.616666793823242,20.97333335876465
2016-01-06,20.82666778564453,21.316667556762695,20.823333740234375,21.183332443237305
2016-01-07,20.989999771118164,21.74333381652832,20.97333335876465,21.676666259765625
2016-01-08,21.69333267211914,21.803333282470703,21.136667251586914,21.18000030517578
2016-01-11,21.253332138061523,21.489999771118164,21.209999084472656,21.406667709350586
2016-01-12,21.459999084472656,21.57666778564453,21.143333435058594,21.206666946411133
2016-01-13,21.24333381652832,21.24333381652832,20.610000610351562,20.639999389648438
2016-01-14,20.666667938232422,21.206666946411133,20.606666564941406,21.020000457763672
2016-01-15,20.516666412353516,20.823333740234375,20.420000076293945,20.643333435058594
2016-01-19,20.75,20.933332443237305,20.670000076293945,20.85333251953125
2016-01-20,20.600000381469727,20.77666664123535,20.066667556762695,20.280000686645508
2016-01-21,20.32666778564453,20.93000030517578,20.303333282470703,20.626667022705078
2016-01-22,20.81333351135254,21.086666107177734,20.709999084472656,20.89666748046875
2016-01-25,20.926666259765625,21.273332595825195,20.850000381469727,21.149999618530273
2016-01-26,21.1200008392334,21.489999771118164,21.086666107177734,21.333332061767578
2016-01-27,21.366666793823242,21.726667404174805,21.296667098999023,21.316667556762695
2016-01-28,21.343332290649414,21.503332138061523,21.143333435058594,21.406667709350586
2016-01-29,21.583332061767578,22.176666259765625,21.579999923706055,22.1200008392334
2016-02-01,21.969999313354492,22.643333435058594,21.963333129882812,22.5
2016-02-02,22.433332443237305,22.613332748413086,22.093332290649414,22.286666870117188
2016-02-03,22.43666648864746,22.5,21.690000534057617,22.09000015258789
2016-02-04,21.920000076293945,22.183332443237305,21.670000076293945,22.139999389648438
2016-02-05,22.286666870117188,22.510000228881836,21.959999084472656,22.333332061767578
2016-02-08,22.166667938232422,22.383333206176758,21.719999313354492,22.299999237060547
2016-02-09,21.829999923706055,22.136667251586914,21.559999465942383,21.93666648864746
2016-02-10,22.06333351135254,22.196666717529297,21.883333206176758,21.93000030517578
2016-02-11,21.67333221435547,21.920000076293945,21.593332290649414,21.773332595825195
2016-02-12,21.84000015258789,22.083332061767578,21.623332977294922,22.059999465942383
2016-02-16,22.203332901000977,22.266666412353516,21.833332061767578,21.96666717529297
2016-02-17,22.03333282470703,22.203332901000977,21.93666648864746,22.036666870117188
2016-02-18,21.246667861938477,21.593332290649414,20.78333282470703,21.373332977294922
2016-02-19,21.296667098999023,21.59000015258789,21.14666748046875,21.553333282470703
2016-02-22,21.553333282470703,22.046667098999023,21.553333282470703,21.876667022705078
2016-02-23,21.946666717529297,22.200000762939453,21.760000228881836,22.15999984741211
2016-02-24,22.06333351135254,22.44333267211914,21.906667709350586,22.373332977294922
2016-02-25,22.483333587646484,22.709999084472656,22.44333267211914,22.68000030517578
2016-02-26,22.69333267211914,22.733333587646484,22.100000381469727,22.170000076293945
2016-02-29,22.209999084472656,22.316667556762695,22.073333740234375,22.113332748413086
2016-03-01,22.21666717529297,22.296667098999023,22.0,22.15333366394043
2016-03-02,22.06999969482422,22.22333335876465,22.0,22.06999969482422
2016-03-03,21.983333587646484,22.066667556762695,21.626667022705078,22.046667098999023
2016-03-04,22.046667098999023,22.426666259765625,22.030000686645508,22.260000228881836
2016-03-07,22.206666946411133,22.82666778564453,22.09000015258789,22.6299991607666
2016-03-08,22.57666778564453,22.823333740234375,22.496667861938477,22.68000030517578
2016-03-09,22.59666633605957,22.663333892822266,22.373332977294922,22.510000228881836
2016-03-10,22.516666412353516,22.68000030517578,22.133333206176758,22.469999313354492
2016-03-11,22.59000015258789,22.64666748046875,22.266666412353516,22.389999389648438
2016-03-14,22.383333206176758,22.55666732788086,22.31999969482422,22.453332901000977
2016-03-15,22.333332061767578,22.78333282470703,22.333332061767578,22.696666717529297
2016-03-16,22.64666748046875,22.780000686645508,22.416667938232422,22.663333892822266
2016-03-17,22.606666564941406,22.97333335876465,22.420000076293945,22.483333587646484
2016-03-18,22.49333381652832,22.676666259765625,22.25,22.316667556762695
2016-03-21,22.343332290649414,22.793333053588867,22.323333740234375,22.656667709350586
2016-03-22,22.666667938232422,22.893333435058594,22.59666633605957,22.623332977294922
2016-03-23,22.670000076293945,22.700000762939453,22.479999542236328,22.48666763305664
2016-03-24,22.476667404174805,22.68000030517578,22.459999084472656,22.666667938232422
2016-03-28,22.643333435058594,22.860000610351562,22.643333435058594,22.706666946411133
2016-03-29,22.71666717529297,22.73666763305664,22.476667404174805,22.676666259765625
2016-03-30,22.77666664123535,23.0,22.76333236694336,22.933332443237305
2016-03-31,22.916667938232422,23.06333351135254,22.823333740234375,22.829999923706055
2016-04-01,22.67333221435547,23.066667556762695,22.67333221435547,23.020000457763672
2016-04-04,23.0,23.123332977294922,22.97333335876465,23.03333282470703
2016-04-05,23.010000228881836,23.083332061767578,22.75666618347168,22.8799991607666
2016-04-06,22.899999618530273,23.020000457763672,22.84000015258789,23.01333236694336
2016-04-07,22.94333267211914,22.976667404174805,22.64666748046875,22.739999771118164
2016-04-08,22.770000457763672,22.796667098999023,22.6200008392334,22.68666648864746
2016-04-11,22.670000076293945,22.790000915527344,22.459999084472656,22.46666717529297
2016-04-12,22.523332595825195,22.956666946411133,22.483333587646484,22.933332443237305
2016-04-13,23.003332138061523,23.139999389648438,22.956666946411133,23.049999237060547
2016-04-14,23.049999237060547,23.079999923706055,22.71666717529297,22.933332443237305
2016-04-15,22.979999542236328,23.136667251586914,22.979999542236328,23.020000457763672
2016-04-18,23.016666412353516,23.299999237060547,22.950000762939453,23.286666870117188
2016-04-19,23.26333236694336,23.360000610351562,23.166667938232422,23.25666618347168
2016-04-20,23.253332138061523,23.329999923706055,23.043333053588867,23.06999969482422
2016-04-21,23.156667709350586,23.226667404174805,22.746667861938477,22.823333740234375
2016-04-22,22.940000534057617,22.979999542236328,22.760000228881836,22.906667709350586
2016-04-25,22.850000381469727,23.166667938232422,22.68666648864746,23.156667709350586
2016-04-26,23.233333587646484,23.296667098999023,23.03333282470703,23.100000381469727
2016-04-27,23.163333892822266,23.260000228881836,22.996667861938477,23.139999389648438
2016-04-28,23.023332595825195,23.206666946411133,22.916667938232422,22.969999313354492
2016-04-29,22.90999984741211,22.940000534057617,22.1200008392334,22.290000915527344
2016-05-02,22.206666946411133,22.566667556762695,22.176666259765625,22.530000686645508
2016-05-03,22.286666870117188,22.5,22.25,22.333332061767578
2016-05-04,22.28333282470703,22.496667861938477,22.14666748046875,22.39666748046875
2016-05-05,22.323333740234375,22.416667938232422,22.19333267211914,22.40333366394043
2016-05-06,22.303333282470703,22.753332138061523,22.266666412353516,22.75
2016-05-09,22.75,23.03333282470703,22.719999313354492,22.983333587646484
2016-05-10,22.97333335876465,23.043333053588867,22.816667556762695,22.93000030517578
2016-05-11,22.489999771118164,22.5,21.8700008392334,22.136667251586914
2016-05-12,22.183332443237305,22.350000381469727,22.126667022705078,22.28333282470703
2016-05-13,22.15999984741211,22.183332443237305,21.549999237060547,21.64666748046875
2016-05-16,21.6200008392334,22.116666793823242,21.559999465942383,22.00666618347168
2016-05-17,22.020000457763672,22.09000015258789,21.626667022705078,21.700000762939453
2016-05-18,21.00666618347168,21.260000228881836,20.906667709350586,21.049999237060547
2016-05-19,22.700000762939453,23.110000610351562,22.5,23.066667556762695
2016-05-20,23.110000610351562,23.3799991607666,22.950000762939453,23.286666870117188
2016-05-23,23.200000762939453,23.35333251953125,23.14666748046875,23.166667938232422
2016-05-24,23.21666717529297,23.47333335876465,23.183332443237305,23.413333892822266
2016-05-25,23.416667938232422,23.666667938232422,23.413333892822266,23.49333381652832
2016-05-26,23.56333351135254,23.793333053588867,23.53333282470703,23.616666793823242
2016-05-27,23.6200008392334,23.6299991607666,23.496667861938477,23.583332061767578
2016-05-31,23.52666664123535,23.666667938232422,23.49333381652832,23.593332290649414
2016-06-01,23.5,23.636667251586914,23.469999313354492,23.5
2016-06-02,23.5,23.666667938232422,23.383333206176758,23.649999618530273
2016-06-03,23.523332595825195,23.683332443237305,23.50666618347168,23.623332977294922
2016-06-06,23.84000015258789,23.850000381469727,23.666667938232422,23.683332443237305
2016-06-07,23.700000762939453,23.770000457763672,23.616666793823242,23.676666259765625
2016-06-08,23.616666793823242,23.816667556762695,23.600000381469727,23.760000228881836
2016-06-09,23.786666870117188,23.863332748413086,23.616666793823242,23.696666717529297
2016-06-10,23.666667938232422,23.803333282470703,23.559999465942383,23.713333129882812
2016-06-13,23.666667938232422,23.726667404174805,23.496667861938477,23.510000228881836
2016-06-14,23.553333282470703,23.72333335876465,23.399999618530273,23.649999618530273
2016-06-15,23.733333587646484,23.8700008392334,23.666667938232422,23.706666946411133
2016-06-16,23.666667938232422,23.81999969482422,23.600000381469727,23.766666412353516
2016-06-17,23.683332443237305,23.770000457763672,23.46666717529297,23.649999618530273
2016-06-20,23.770000457763672,23.926666259765625,23.683332443237305,23.700000762939453
2016-06-21,23.649999618530273,23.906667709350586,23.649999618530273,23.81999969482422
2016-06-22,23.866666793823242,24.083332061767578,23.856666564941406,23.916667938232422
2016-06-23,24.066667556762695,24.079999923706055,23.93000030517578,24.03333282470703
2016-06-24,23.516666412353516,24.239999771118164,23.503332138061523,23.98666763305664
2016-06-27,23.8799991607666,23.92333221435547,23.626667022705078,23.833332061767578
2016-06-28,23.920000076293945,23.956666946411133,23.55666732788086,23.836666107177734
2016-06-29,23.876667022705078,24.163333892822266,23.85333251953125,24.15333366394043
2016-06-30,24.190000534057617,24.39666748046875,24.106666564941406,24.34000015258789
2016-07-01,24.376667022705078,24.389999389648438,24.139999389648438,24.270000457763672
2016-07-05,24.25,24.540000915527344,24.226667404174805,24.3799991607666
2016-07-06,24.420000076293945,24.65999984741211,24.389999389648438,24.606666564941406
2016-07-07,24.57666778564453,24.643333435058594,24.383333206176758,24.510000228881836
2016-07-08,24.606666564941406,24.616666793823242,24.413333892822266,24.613332748413086
2016-07-11,24.55666732788086,24.78333282470703,24.5,24.68666648864746
2016-07-12,24.520000457763672,24.57666778564453,24.333332061767578,24.42333221435547
2016-07-13,24.416667938232422,24.543333053588867,24.31333351135254,24.540000915527344
2016-07-14,24.59666633605957,24.703332901000977,24.536666870117188,24.566667556762695
2016-07-15,24.65999984741211,24.670000076293945,24.479999542236328,24.55666732788086
2016-07-18,24.546667098999023,24.726667404174805,24.510000228881836,24.613332748413086
2016-07-19,24.546667098999023,24.65333366394043,24.52666664123535,24.553333282470703
2016-07-20,24.626667022705078,24.703332901000977,24.543333053588867,24.59666633605957
2016-07-21,24.476667404174805,24.553333282470703,24.3799991607666,24.50666618347168
2016-07-22,24.586666107177734,24.636667251586914,24.47333335876465,24.516666412353516
2016-07-25,24.516666412353516,24.610000610351562,24.469999313354492,24.583332061767578
2016-07-26,24.56999969482422,24.690000534057617,24.469999313354492,24.57666778564453
2016-07-27,24.553333282470703,24.606666564941406,24.3799991607666,24.440000534057617
2016-07-28,24.3799991607666,24.440000534057617,24.156667709350586,24.413333892822266
2016-07-29,24.389999389648438,24.416667938232422,24.253332138061523,24.323333740234375
2016-08-01,24.270000457763672,24.663333892822266,24.270000457763672,24.593332290649414
2016-08-02,24.566667556762695,24.573333740234375,24.209999084472656,24.376667022705078
2016-08-03,24.333332061767578,24.46666717529297,24.170000076293945,24.31333351135254
2016-08-04,24.266666412353516,24.496667861938477,24.196666717529297,24.433332443237305
2016-08-05,24.48666763305664,24.649999618530273,24.48666763305664,24.586666107177734
2016-08-08,24.666667938232422,24.690000534057617,24.34666633605957,24.446666717529297
2016-08-09,24.453332901000977,24.626667022705078,24.360000610351562,24.51333236694336
2016-08-10,24.523332595825195,24.836666107177734,24.463333129882812,24.649999618530273
2016-08-11,24.833332061767578,24.933332443237305,24.510000228881836,24.600000381469727
2016-08-12,24.600000381469727,24.706666946411133,24.520000457763672,24.6299991607666
2016-08-15,24.60333251953125,24.670000076293945,24.3700008392334,24.440000534057617
2016-08-16,24.196666717529297,24.43666648864746,24.06999969482422,24.296667098999023
2016-08-17,23.996667861938477,24.316667556762695,23.996667861938477,24.309999465942383
2016-08-18,24.309999465942383,25.06333351135254,24.309999465942383,24.766666412353516
2016-08-19,24.700000762939453,24.76333236694336,24.22333335876465,24.270000457763672
2016-08-22,24.35333251953125,24.3799991607666,24.149999618530273,24.233333587646484
2016-08-23,24.296667098999023,24.356666564941406,23.98666763305664,23.989999771118164
2016-08-24,23.989999771118164,24.25,23.920000076293945,24.07666778564453
2016-08-25,24.123332977294922,24.19333267211914,23.683332443237305,23.739999771118164
2016-08-26,23.803333282470703,23.89666748046875,23.6299991607666,23.713333129882812
2016-08-29,23.713333129882812,23.886667251586914,23.700000762939453,23.799999237060547
2016-08-30,23.799999237060547,23.920000076293945,23.71666717529297,23.770000457763672
2016-08-31,23.81999969482422,23.8799991607666,23.71666717529297,23.81333351135254
2016-09-01,23.856666564941406,24.286666870117188,23.803333282470703,24.280000686645508
2016-09-02,24.329999923706055,24.39666748046875,24.139999389648438,24.166667938232422
2016-09-06,24.253332138061523,24.360000610351562,24.066667556762695,24.333332061767578
2016-09-07,24.333332061767578,24.350000381469727,24.003332138061523,24.020000457763672
2016-09-08,23.963333129882812,24.106666564941406,23.90333366394043,23.94333267211914
2016-09-09,23.773332595825195,23.836666107177734,23.433332443237305,23.433332443237305
2016-09-12,23.59666633605957,24.079999923706055,23.573333740234375,23.979999542236328
2016-09-13,23.946666717529297,23.969999313354492,23.71666717529297,23.81999969482422
2016-09-14,23.873332977294922,24.020000457763672,23.799999237060547,23.84000015258789
2016-09-15,23.82666778564453,24.18666648864746,23.753332138061523,24.133333206176758
2016-09-16,24.106666564941406,24.31999969482422,24.073333740234375,24.290000915527344
2016-09-19,24.213333129882812,24.290000915527344,24.030000686645508,24.030000686645508
2016-09-20,24.049999237060547,24.183332443237305,23.96666717529297,23.989999771118164
2016-09-21,24.059999465942383,24.18000030517578,23.836666107177734,24.06333351135254
2016-09-22,24.143333435058594,24.18000030517578,23.996667861938477,24.09000015258789
2016-09-23,24.200000762939453,24.25666618347168,24.113332748413086,24.116666793823242
2016-09-26,24.10333251953125,24.110000610351562,23.84000015258789,23.873332977294922
2016-09-27,23.976667404174805,24.163333892822266,23.860000610351562,24.110000610351562
2016-09-28,24.073333740234375,24.106666564941406,23.793333053588867,23.93000030517578
2016-09-29,23.856666564941406,23.90333366394043,23.540000915527344,23.57666778564453
2016-09-30,23.833332061767578,24.15333366394043,23.799999237060547,24.040000915527344
2016-10-03,23.94333267211914,24.049999237060547,23.866666793823242,24.003332138061523
2016-10-04,24.0,24.190000534057617,23.850000381469727,23.916667938232422
2016-10-05,23.956666946411133,24.09000015258789,23.866666793823242,23.889999389648438
2016-10-06,23.889999389648438,23.889999389648438,22.963333129882812,23.1200008392334
2016-10-07,23.086666107177734,23.156667709350586,22.72333335876465,22.899999618530273
2016-10-10,22.916667938232422,22.98666763305664,22.583332061767578,22.65999984741211
2016-10-11,22.649999618530273,22.65333366394043,22.433332443237305,22.463333129882812
2016-10-12,22.579999923706055,22.636667251586914,22.456666946411133,22.48666763305664
2016-10-13,22.39666748046875,22.84666633605957,22.356666564941406,22.74333381652832
2016-10-14,22.80666732788086,22.93666648864746,22.73666763305664,22.816667556762695
2016-10-17,22.883333206176758,22.883333206176758,22.600000381469727,22.739999771118164
2016-10-18,22.856666564941406,22.99333381652832,22.74333381652832,22.956666946411133
2016-10-19,23.073333740234375,23.113332748413086,22.89666748046875,22.963333129882812
2016-10-20,22.99333381652832,23.02666664123535,22.856666564941406,22.90999984741211
2016-10-21,22.780000686645508,22.876667022705078,22.663333892822266,22.780000686645508
2016-10-24,22.873332977294922,23.123332977294922,22.796667098999023,23.06333351135254
2016-10-25,23.003332138061523,23.290000915527344,23.0,23.1200008392334
2016-10-26,23.100000381469727,23.270000457763672,23.046667098999023,23.196666717529297
2016-10-27,23.200000762939453,23.333332061767578,23.1299991607666,23.27666664123535
2016-10-28,23.266666412353516,23.40333366394043,23.24333381652832,23.329999923706055
2016-10-31,23.35333251953125,23.389999389648438,23.28333282470703,23.34000015258789
2016-11-01,23.32666778564453,23.35333251953125,23.046667098999023,23.100000381469727
2016-11-02,23.066667556762695,23.323333740234375,23.066667556762695,23.149999618530273
2016-11-03,23.209999084472656,23.360000610351562,23.116666793823242,23.209999084472656
2016-11-04,23.23666763305664,23.31333351135254,23.043333053588867,23.053333282470703
2016-11-07,23.206666946411133,23.280000686645508,23.053333282470703,23.260000228881836
2016-11-08,23.23666763305664,23.34666633605957,23.156667709350586,23.26333236694336
2016-11-09,23.100000381469727,23.833332061767578,23.09666633605957,23.700000762939453
2016-11-10,23.75,24.030000686645508,23.666667938232422,23.796667098999023
2016-11-11,23.703332901000977,23.760000228881836,23.53333282470703,23.74333381652832
2016-11-14,23.719999313354492,23.770000457763672,23.39666748046875,23.496667861938477
2016-11-15,23.59666633605957,23.80666732788086,23.450000762939453,23.80666732788086
2016-11-16,23.916667938232422,24.020000457763672,23.77666664123535,23.796667098999023
2016-11-17,23.02666664123535,23.17333221435547,22.706666946411133,23.06333351135254
2016-11-18,22.976667404174805,23.133333206176758,22.81333351135254,22.84666633605957
2016-11-21,22.84666633605957,23.133333206176758,22.80666732788086,23.123332977294922
2016-11-22,23.24333381652832,23.47333335876465,23.24333381652832,23.373332977294922
2016-11-23,23.406667709350586,23.6299991607666,23.393333435058594,23.610000610351562
2016-11-25,23.703332901000977,23.883333206176758,23.65999984741211,23.74333381652832
2016-11-28,23.643333435058594,23.84000015258789,23.600000381469727,23.729999542236328
2016-11-29,23.793333053588867,23.93000030517578,23.733333587646484,23.790000915527344
2016-11-30,23.639999389648438,23.719999313354492,23.389999389648438,23.476667404174805
2016-12-01,23.416667938232422,23.57666778564453,23.350000381469727,23.55666732788086
2016-12-02,23.52666664123535,23.649999618530273,23.483333587646484,23.626667022705078
2016-12-05,23.633333206176758,23.663333892822266,23.270000457763672,23.31333351135254
2016-12-06,23.336666107177734,23.463333129882812,23.166667938232422,23.453332901000977
2016-12-07,23.309999465942383,23.549999237060547,23.299999237060547,23.53333282470703
2016-12-08,23.49333381652832,23.633333206176758,23.440000534057617,23.446666717529297
2016-12-09,23.42333221435547,23.476667404174805,23.246667861938477,23.360000610351562
2016-12-12,23.356666564941406,23.926666259765625,23.34000015258789,23.889999389648438
2016-12-13,23.889999389648438,24.07666778564453,23.8700008392334,23.933332443237305
2016-12-14,23.96666717529297,24.15999984741211,23.726667404174805,23.780000686645508
2016-12-15,23.739999771118164,23.933332443237305,23.676666259765625,23.69333267211914
2016-12-16,23.690000534057617,23.8799991607666,23.53333282470703,23.65999984741211
2016-12-19,23.613332748413086,23.916667938232422,23.613332748413086,23.860000610351562
2016-12-20,23.90999984741211,23.976667404174805,23.836666107177734,23.940000534057617
2016-12-21,23.886667251586914,24.0,23.746667861938477,23.746667861938477
2016-12-22,23.746667861938477,23.746667861938477,23.06999969482422,23.196666717529297
2016-12-23,23.143333435058594,23.25,23.1200008392334,23.18000030517578
2016-12-27,23.100000381469727,23.273332595825195,23.083332061767578,23.233333587646484
2016-12-28,23.31333351135254,23.333332061767578,23.086666107177734,23.10333251953125
2016-12-29,23.06999969482422,23.17333221435547,23.040000915527344,23.086666107177734
2016-12-30,23.040000915527344,23.143333435058594,22.94333267211914,23.040000915527344
2017-01-03,23.079999923706055,23.079999923706055,22.683332443237305,22.886667251586914
2017-01-04,22.886667251586914,23.209999084472656,22.866666793823242,23.020000457763672
2017-01-05,22.809999465942383,23.110000610351562,22.706666946411133,23.06999969482422
2017-01-06,22.803333282470703,22.833332061767578,22.670000076293945,22.753332138061523
2017-01-09,22.77666664123535,22.933332443237305,22.773332595825195,22.90333366394043
2017-01-10,22.8799991607666,23.09000015258789,22.739999771118164,22.74333381652832
2017-01-11,22.733333587646484,22.873332977294922,22.729999542236328,22.843332290649414
2017-01-12,22.786666870117188,22.85333251953125,22.639999389648438,22.656667709350586
2017-01-13,22.65999984741211,22.67333221435547,22.360000610351562,22.376667022705078
2017-01-17,22.700000762939453,23.09666633605957,22.68666648864746,22.80666732788086
2017-01-18,22.626667022705078,22.703332901000977,22.51333236694336,22.703332901000977
2017-01-19,22.709999084472656,22.729999542236328,22.49333381652832,22.540000915527344
2017-01-20,22.579999923706055,22.610000610351562,22.34000015258789,22.393333435058594
2017-01-23,22.336666107177734,22.393333435058594,22.18666648864746,22.21666717529297
2017-01-24,22.296667098999023,22.469999313354492,22.219999313354492,22.46666717529297
2017-01-25,22.50666618347168,22.57666778564453,22.26333236694336,22.296667098999023
2017-01-26,22.376667022705078,22.406667709350586,22.206666946411133,22.24333381652832
2017-01-27,22.286666870117188,22.323333740234375,21.760000228881836,21.886667251586914
2017-01-30,21.876667022705078,22.15999984741211,21.876667022705078,22.139999389648438
2017-01-31,22.06999969482422,22.296667098999023,21.959999084472656,22.246667861938477
2017-02-01,22.15333366394043,22.23666763305664,22.01333236694336,22.07666778564453
2017-02-02,22.113332748413086,22.3799991607666,22.113332748413086,22.233333587646484
2017-02-03,22.273332595825195,22.309999465942383,22.14666748046875,22.166667938232422
2017-02-06,22.123332977294922,22.286666870117188,22.123332977294922,22.133333206176758
2017-02-07,22.18666648864746,22.333332061767578,22.170000076293945,22.296667098999023
2017-02-08,22.296667098999023,22.606666564941406,22.296667098999023,22.60333251953125
2017-02-09,22.60333251953125,23.046667098999023,22.583332061767578,23.02666664123535
2017-02-10,22.75,22.866666793823242,22.586666107177734,22.67333221435547
2017-02-13,22.773332595825195,22.883333206176758,22.520000457763672,22.59000015258789
2017-02-14,22.626667022705078,22.893333435058594,22.56999969482422,22.886667251586914
2017-02-15,22.600000381469727,22.90333366394043,22.586666107177734,22.89666748046875
2017-02-16,22.889999389648438,23.079999923706055,22.8700008392334,22.956666946411133
2017-02-17,22.94333267211914,23.26333236694336,22.89666748046875,23.123332977294922
2017-02-21,23.73666763305664,24.093332290649414,23.566667556762695,23.816667556762695
2017-02-22,24.083332061767578,24.123332977294922,23.82666778564453,23.90333366394043
2017-02-23,24.0,24.166667938232422,23.719999313354492,23.770000457763672
2017-02-24,23.780000686645508,24.266666412353516,23.766666412353516,24.1299991607666
2017-02-27,24.093332290649414,24.139999389648438,23.843332290649414,23.913333892822266
2017-02-28,23.623332977294922,23.666667938232422,23.333332061767578,23.643333435058594
2017-03-01,23.656667709350586,23.69333267211914,23.383333206176758,23.483333587646484
2017-03-02,23.47333335876465,23.633333206176758,23.389999389648438,23.586666107177734
2017-03-03,23.586666107177734,23.67333221435547,23.293333053588867,23.343332290649414
2017-03-06,23.333332061767578,23.479999542236328,23.260000228881836,23.293333053588867
2017-03-07,23.299999237060547,23.40333366394043,23.286666870117188,23.290000915527344
2017-03-08,23.229999542236328,23.343332290649414,23.18000030517578,23.266666412353516
2017-03-09,23.25,23.34666633605957,23.18666648864746,23.286666870117188
2017-03-10,23.333332061767578,23.453332901000977,23.266666412353516,23.366666793823242
2017-03-13,23.329999923706055,23.483333587646484,23.23666763305664,23.316667556762695
2017-03-14,23.606666564941406,23.73666763305664,23.573333740234375,23.573333740234375
2017-03-15,23.5,23.566667556762695,23.34000015258789,23.52666664123535
2017-03-16,23.3700008392334,23.566667556762695,23.356666564941406,23.479999542236328
2017-03-17,23.52666664123535,23.583332061767578,23.270000457763672,23.296667098999023
2017-03-20,23.3799991607666,23.483333587646484,23.23666763305664,23.32666778564453
2017-03-21,23.389999389648438,23.46666717529297,23.229999542236328,23.299999237060547
2017-03-22,23.343332290649414,23.446666717529297,23.239999771118164,23.416667938232422
2017-03-23,23.399999618530273,23.43666648864746,23.25,23.286666870117188
2017-03-24,23.329999923706055,23.389999389648438,23.176666259765625,23.203332901000977
2017-03-27,23.17333221435547,23.356666564941406,23.1200008392334,23.219999313354492
2017-03-28,23.110000610351562,23.456666946411133,23.110000610351562,23.440000534057617
2017-03-29,23.450000762939453,23.726667404174805,23.43666648864746,23.579999923706055
2017-03-30,23.56333351135254,23.906667709350586,23.546667098999023,23.863332748413086
2017-03-31,23.773332595825195,24.18666648864746,23.74333381652832,24.02666664123535
2017-04-03,24.02666664123535,24.176666259765625,23.926666259765625,23.94333267211914
2017-04-04,23.913333892822266,24.020000457763672,23.843332290649414,24.003332138061523
2017-04-05,23.8799991607666,24.10333251953125,23.85333251953125,23.883333206176758
2017-04-06,23.899999618530273,24.03333282470703,23.793333053588867,23.809999465942383
2017-04-07,24.03333282470703,24.329999923706055,23.933332443237305,24.299999237060547
2017-04-10,24.329999923706055,24.49333381652832,24.24333381652832,24.35333251953125
2017-04-11,24.333332061767578,24.483333587646484,24.309999465942383,24.476667404174805
2017-04-12,24.516666412353516,24.610000610351562,24.416667938232422,24.479999542236328
2017-04-13,24.456666946411133,24.553333282470703,24.383333206176758,24.383333206176758
2017-04-17,24.386667251586914,24.52666664123535,24.383333206176758,24.496667861938477
2017-04-18,24.51333236694336,24.700000762939453,24.49333381652832,24.6299991607666
2017-04-19,24.700000762939453,24.793333053588867,24.6200008392334,24.690000534057617
2017-04-20,24.713333129882812,25.036666870117188,24.703332901000977,24.933332443237305
2017-04-21,24.913333892822266,25.036666870117188,24.866666793823242,24.979999542236328
2017-04-24,25.02666664123535,25.133333206176758,24.80666732788086,24.926666259765625
2017-04-25,24.989999771118164,25.05666732788086,24.953332901000977,25.016666412353516
2017-04-26,25.09000015258789,25.25666618347168,25.05666732788086,25.143333435058594
2017-04-27,25.18000030517578,25.233333587646484,25.00666618347168,25.14666748046875
2017-04-28,25.079999923706055,25.14666748046875,24.976667404174805,25.059999465942383
2017-05-01,25.030000686645508,25.239999771118164,25.030000686645508,25.07666778564453
2017-05-02,25.100000381469727,25.23666763305664,25.083332061767578,25.17333221435547
2017-05-03,25.133333206176758,25.293333053588867,25.059999465942383,25.253332138061523
2017-05-04,25.309999465942383,25.46666717529297,25.27666664123535,25.446666717529297
2017-05-05,25.47333335876465,25.53333282470703,25.393333435058594,25.5
2017-05-08,25.5,25.50666618347168,25.356666564941406,25.373332977294922
2017-05-09,25.479999542236328,25.683332443237305,25.44333267211914,25.573333740234375
2017-05-10,25.44333267211914,25.593332290649414,25.39666748046875,25.566667556762695
2017-05-11,25.450000762939453,25.573333740234375,25.309999465942383,25.376667022705078
2017-05-12,25.316667556762695,25.416667938232422,25.123332977294922,25.23666763305664
2017-05-15,25.266666412353516,25.489999771118164,25.266666412353516,25.43000030517578
2017-05-16,25.39666748046875,25.42333221435547,25.02666664123535,25.036666870117188
2017-05-17,25.036666870117188,25.24333381652832,24.98666763305664,25.040000915527344
2017-05-18,25.6299991607666,25.886667251586914,25.376667022705078,25.84666633605957
2017-05-19,25.989999771118164,26.479999542236328,25.92333221435547,26.25666618347168
2017-05-22,26.21666717529297,26.333332061767578,26.100000381469727,26.183332443237305
2017-05-23,26.19333267211914,26.323333740234375,26.14666748046875,26.163333892822266
2017-05-24,26.18666648864746,26.203332901000977,26.046667098999023,26.049999237060547
2017-05-25,26.1200008392334,26.28333282470703,26.049999237060547,26.10333251953125
2017-05-26,26.123332977294922,26.18000030517578,25.93000030517578,26.043333053588867
2017-05-30,26.0,26.133333206176758,25.976667404174805,26.049999237060547
2017-05-31,26.116666793823242,26.30666732788086,26.073333740234375,26.200000762939453
2017-06-01,26.213333129882812,26.60333251953125,26.200000762939453,26.60333251953125
2017-06-02,26.600000381469727,26.643333435058594,26.406667709350586,26.540000915527344
2017-06-05,26.53333282470703,26.823333740234375,26.49333381652832,26.753332138061523
2017-06-06,26.476667404174805,26.520000457763672,26.086666107177734,26.309999465942383
2017-06-07,26.360000610351562,26.5,26.24333381652832,26.383333206176758
2017-06-08,26.383333206176758,26.709999084472656,26.07666778564453,26.309999465942383
2017-06-09,26.343332290649414,26.520000457763672,26.239999771118164,26.47333335876465
2017-06-12,26.46666717529297,26.790000915527344,26.280000686645508,26.413333892822266
2017-06-13,26.40333366394043,26.523332595825195,26.296667098999023,26.50666618347168
2017-06-14,26.50666618347168,26.68000030517578,26.420000076293945,26.633333206176758
2017-06-15,26.393333435058594,26.433332443237305,25.920000076293945,26.303333282470703
2017-06-16,24.649999618530273,25.166667938232422,24.43000030517578,25.079999923706055
2017-06-19,25.126667022705078,25.336666107177734,24.84000015258789,25.166667938232422
2017-06-20,25.293333053588867,25.30666732788086,25.106666564941406,25.18000030517578
2017-06-21,25.200000762939453,25.536666870117188,25.19333267211914,25.413333892822266
2017-06-22,25.343332290649414,25.35333251953125,25.100000381469727,25.17333221435547
2017-06-23,25.200000762939453,25.260000228881836,24.850000381469727,24.946666717529297
2017-06-26,24.983333587646484,25.309999465942383,24.97333335876465,25.166667938232422
2017-06-27,25.166667938232422,25.456666946411133,25.149999618530273,25.336666107177734
2017-06-28,25.416667938232422,25.600000381469727,25.3799991607666,25.503332138061523
2017-06-29,25.416667938232422,25.440000534057617,25.163333892822266,25.309999465942383
2017-06-30,25.360000610351562,25.42333221435547,25.22333335876465,25.226667404174805
2017-07-03,25.280000686645508,25.446666717529297,25.02666664123535,25.1200008392334
2017-07-05,25.183332443237305,25.316667556762695,25.05666732788086,25.106666564941406
2017-07-06,25.116666793823242,25.323333740234375,25.079999923706055,25.156667709350586
2017-07-07,25.21666717529297,25.273332595825195,25.016666412353516,25.110000610351562
2017-07-10,25.049999237060547,25.10333251953125,24.376667022705078,24.40999984741211
2017-07-11,24.459999084472656,24.683332443237305,24.44333267211914,24.489999771118164
2017-07-12,24.553333282470703,24.73666763305664,24.553333282470703,24.64666748046875
2017-07-13,24.889999389648438,25.083332061767578,24.836666107177734,25.016666412353516
2017-07-14,25.42333221435547,25.520000457763672,25.303333282470703,25.446666717529297
2017-07-17,25.43000030517578,25.623332977294922,25.39666748046875,25.456666946411133
2017-07-18,25.416667938232422,25.51333236694336,25.333332061767578,25.399999618530273
2017-07-19,25.360000610351562,25.406667709350586,25.200000762939453,25.290000915527344
2017-07-20,25.32666778564453,25.416667938232422,25.233333587646484,25.34000015258789
2017-07-21,25.280000686645508,25.40999984741211,25.183332443237305,25.383333206176758
2017-07-24,25.343332290649414,25.719999313354492,25.343332290649414,25.6299991607666
2017-07-25,25.8700008392334,26.286666870117188,25.796667098999023,26.17333221435547
2017-07-26,26.183332443237305,26.389999389648438,25.979999542236328,26.299999237060547
2017-07-27,26.239999771118164,26.6200008392334,26.15999984741211,26.593332290649414
2017-07-28,26.600000381469727,26.65333366394043,26.51333236694336,26.60333251953125
2017-07-31,26.606666564941406,26.780000686645508,26.56333351135254,26.663333892822266
2017-08-01,26.75,26.90999984741211,26.666667938232422,26.833332061767578
2017-08-02,26.780000686645508,27.036666870117188,26.766666412353516,26.843332290649414
2017-08-03,27.113332748413086,27.253332138061523,26.889999389648438,26.956666946411133
2017-08-04,27.020000457763672,27.133333206176758,26.73666763305664,26.82666778564453
2017-08-07,26.856666564941406,27.149999618530273,26.84666633605957,27.093332290649414
2017-08-08,27.05666732788086,27.286666870117188,26.96666717529297,27.196666717529297
2017-08-09,27.036666870117188,27.329999923706055,26.96666717529297,27.203332901000977
2017-08-10,27.023332595825195,27.133333206176758,26.850000381469727,26.886667251586914
2017-08-11,26.90999984741211,27.083332061767578,26.786666870117188,26.799999237060547
2017-08-14,26.863332748413086,27.079999923706055,26.833332061767578,26.899999618530273
2017-08-15,26.94333267211914,27.133333206176758,26.84666633605957,26.92333221435547
2017-08-16,27.09000015258789,27.14666748046875,26.84666633605957,26.99333381652832
2017-08-17,26.28333282470703,26.60333251953125,26.110000610351562,26.566667556762695
2017-08-18,26.540000915527344,26.78333282470703,26.426666259765625,26.43666648864746
2017-08-21,26.373332977294922,26.690000534057617,26.26333236694336,26.56999969482422
2017-08-22,26.600000381469727,26.719999313354492,26.56999969482422,26.67333221435547
2017-08-23,26.78333282470703,26.85333251953125,26.626667022705078,26.65333366394043
2017-08-24,26.8700008392334,26.959999084472656,25.950000762939453,26.113332748413086
2017-08-25,26.166667938232422,26.363332748413086,26.15999984741211,26.209999084472656
2017-08-28,26.136667251586914,26.15333366394043,25.953332901000977,26.010000228881836
2017-08-29,25.889999389648438,26.32666778564453,25.833332061767578,26.25666618347168
2017-08-30,26.273332595825195,26.366666793823242,26.17333221435547,26.18000030517578
2017-08-31,26.200000762939453,26.25,26.020000457763672,26.023332595825195
2017-09-01,26.10333251953125,26.166667938232422,26.06999969482422,26.123332977294922
2017-09-05,25.983333587646484,26.6299991607666,25.96666717529297,26.600000381469727
2017-09-06,26.626667022705078,26.799999237060547,26.573333740234375,26.69333267211914
2017-09-07,26.773332595825195,26.920000076293945,26.666667938232422,26.706666946411133
2017-09-08,26.579999923706055,26.626667022705078,25.90999984741211,26.293333053588867
2017-09-11,26.383333206176758,26.450000762939453,26.219999313354492,26.360000610351562
2017-09-12,26.433332443237305,26.636667251586914,26.389999389648438,26.536666870117188
2017-09-13,26.536666870117188,26.893333435058594,26.530000686645508,26.6200008392334
2017-09-14,26.59666633605957,26.606666564941406,26.406667709350586,26.559999465942383
2017-09-15,26.60333251953125,26.916667938232422,26.42333221435547,26.793333053588867
2017-09-18,26.73666763305664,27.040000915527344,26.649999618530273,26.666667938232422
2017-09-19,26.726667404174805,26.81999969482422,26.566667556762695,26.683332443237305
2017-09-20,26.72333335876465,26.85333251953125,26.623332977294922,26.833332061767578
2017-09-21,26.856666564941406,26.856666564941406,26.573333740234375,26.670000076293945
2017-09-22,26.6299991607666,26.69333267211914,26.416667938232422,26.510000228881836
2017-09-25,26.30666732788086,26.700000762939453,26.286666870117188,26.383333206176758
2017-09-26,26.34666633605957,26.51333236694336,26.30666732788086,26.463333129882812
2017-09-27,26.47333335876465,26.523332595825195,26.22333335876465,26.43000030517578
2017-09-28,26.333332061767578,26.360000610351562,26.040000915527344,26.316667556762695
2017-09-29,26.28333282470703,26.333332061767578,25.99333381652832,26.046667098999023
2017-10-02,25.96666717529297,26.27666664123535,25.833332061767578,26.149999618530273
2017-10-03,26.27666664123535,26.553333282470703,26.25,26.406667709350586
2017-10-04,26.42333221435547,26.593332290649414,26.356666564941406,26.363332748413086
2017-10-05,26.389999389648438,26.60333251953125,26.360000610351562,26.469999313354492
2017-10-06,26.260000228881836,26.389999389648438,26.083332061767578,26.333332061767578
2017-10-09,26.5,27.126667022705078,26.46666717529297,26.843332290649414
2017-10-10,27.559999465942383,28.293333053588867,27.536666870117188,28.043333053588867
2017-10-11,28.19333267211914,28.76333236694336,28.03333282470703,28.57666778564453
2017-10-12,28.566667556762695,28.790000915527344,28.35333251953125,28.700000762939453
2017-10-13,28.746667861938477,28.983333587646484,28.746667861938477,28.873332977294922
2017-10-16,28.860000610351562,28.873332977294922,28.34000015258789,28.579999923706055
2017-10-17,28.5,28.786666870117188,28.440000534057617,28.65999984741211
2017-10-18,28.71666717529297,28.790000915527344,28.670000076293945,28.739999771118164
2017-10-19,28.71666717529297,28.886667251586914,28.59000015258789,28.799999237060547
2017-10-20,28.866666793823242,29.149999618530273,28.760000228881836,29.14666748046875
2017-10-23,29.113332748413086,29.639999389648438,29.086666107177734,29.549999237060547
2017-10-24,29.56333351135254,29.600000381469727,29.303333282470703,29.32666778564453
2017-10-25,29.28333282470703,29.53333282470703,29.143333435058594,29.49333381652832
2017-10-26,29.553333282470703,29.703332901000977,29.34000015258789,29.540000915527344
2017-10-27,29.3799991607666,29.463333129882812,29.049999237060547,29.389999389648438
2017-10-30,29.31333351135254,29.316667556762695,28.796667098999023,28.983333587646484
2017-10-31,28.953332901000977,29.15333366394043,28.866666793823242,29.10333251953125
2017-11-01,29.023332595825195,29.46666717529297,29.0,29.31333351135254
2017-11-02,29.426666259765625,29.72333335876465,29.266666412353516,29.600000381469727
2017-11-03,29.67333221435547,29.959999084472656,29.586666107177734,29.893333435058594
2017-11-06,29.80666732788086,29.893333435058594,29.559999465942383,29.566667556762695
2017-11-07,29.623332977294922,29.68666648864746,29.43666648864746,29.649999618530273
2017-11-08,29.703332901000977,30.139999389648438,29.700000762939453,30.086666107177734
2017-11-09,29.979999542236328,30.190000534057617,29.78333282470703,30.100000381469727
2017-11-10,30.079999923706055,30.56333351135254,30.066667556762695,30.30666732788086
2017-11-13,30.34666633605957,30.65999984741211,30.290000915527344,30.329999923706055
2017-11-14,30.233333587646484,30.399999618530273,30.059999465942383,30.363332748413086
2017-11-15,30.113332748413086,30.28333282470703,29.883333206176758,29.94333267211914
2017-11-16,31.706666946411133,33.22666549682617,31.573333740234375,33.206668853759766
2017-11-17,33.08000183105469,33.37666702270508,32.19333267211914,32.4900016784668
2017-11-20,32.14666748046875,32.54666519165039,31.920000076293945,32.49333190917969
2017-11-21,32.58000183105469,32.63999938964844,32.106666564941406,32.17333221435547
2017-11-22,32.21666717529297,32.27000045776367,32.03666687011719,32.13666534423828
2017-11-24,32.290000915527344,32.40999984741211,32.176666259765625,32.206668853759766
2017-11-27,32.28333282470703,32.54999923706055,32.099998474121094,32.206668853759766
2017-11-28,32.1966667175293,32.29666519165039,31.940000534057617,32.25666809082031
2017-11-29,32.40666580200195,32.753334045410156,32.293331146240234,32.52000045776367
2017-11-30,32.6966667175293,32.813331604003906,32.16999816894531,32.40999984741211
2017-12-01,32.53666687011719,32.56999969482422,32.07666778564453,32.45000076293945
2017-12-04,32.57666778564453,32.6533317565918,32.22666549682617,32.336666107177734
2017-12-05,32.33333206176758,32.64666748046875,32.30666732788086,32.61000061035156
2017-12-06,32.663333892822266,32.71333312988281,32.413333892822266,32.426666259765625
2017-12-07,32.35333251953125,32.526668548583984,32.21666717529297,32.2599983215332
2017-12-08,32.099998474121094,32.233333587646484,32.04666519165039,32.18333435058594
2017-12-11,32.31999969482422,32.42333221435547,32.0966682434082,32.310001373291016
2017-12-12,32.28333282470703,32.413333892822266,32.20000076293945,32.233333587646484
2017-12-13,32.220001220703125,32.63666534423828,32.18333435058594,32.586666107177734
2017-12-14,32.66666793823242,32.856666564941406,32.366668701171875,32.37666702270508
2017-12-15,32.56999969482422,32.83000183105469,32.3033332824707,32.369998931884766
2017-12-18,32.459999084472656,32.723331451416016,32.45333480834961,32.633331298828125
2017-12-19,33.3033332824707,33.3033332824707,32.76333236694336,32.93333435058594
2017-12-20,33.150001525878906,33.21666717529297,32.81666564941406,32.91666793823242
2017-12-21,33.0,33.11000061035156,32.65999984741211,32.686668395996094
2017-12-22,32.76333236694336,32.80666732788086,32.560001373291016,32.73666763305664
2017-12-26,32.78333282470703,33.14666748046875,32.78333282470703,33.0533332824707
2017-12-27,33.186668395996094,33.20000076293945,32.94333267211914,33.086666107177734
2017-12-28,33.17333221435547,33.206668853759766,33.040000915527344,33.133331298828125
2017-12-29,33.133331298828125,33.22999954223633,32.91666793823242,32.91666793823242
2018-01-02,33.099998474121094,33.26333236694336,32.84000015258789,32.86333465576172
2018-01-03,32.95000076293945,33.33333206176758,32.92333221435547,33.150001525878906
2018-01-04,33.18000030517578,33.2599983215332,32.970001220703125,33.18000030517578
2018-01-05,33.21333312988281,33.459999084472656,33.20333480834961,33.37666702270508
2018-01-08,33.41666793823242,33.91666793823242,33.4033317565918,33.869998931884766
2018-01-09,34.0099983215332,34.116668701171875,33.436668395996094,33.46333312988281
2018-01-10,33.25,33.29666519165039,32.84333419799805,33.223331451416016
2018-01-11,33.233333587646484,33.483333587646484,32.926666259765625,33.34000015258789
2018-01-12,33.46333312988281,33.813331604003906,33.43333435058594,33.62333297729492
2018-01-16,33.779998779296875,33.970001220703125,33.4466667175293,33.563331604003906
2018-01-17,33.71666717529297,34.313331604003906,33.56666564941406,34.233333587646484
2018-01-18,34.913333892822266,34.97999954223633,34.540000915527344,34.766666412353516
2018-01-19,34.880001068115234,34.97666549682617,34.5533332824707,34.86333465576172
2018-01-22,34.83333206176758,35.150001525878906,34.68000030517578,35.150001525878906
2018-01-23,35.0966682434082,35.383331298828125,34.856666564941406,35.29999923706055
2018-01-24,35.45000076293945,35.47999954223633,34.939998626708984,35.26333236694336
2018-01-25,35.28333282470703,35.60333251953125,35.28333282470703,35.53333282470703
2018-01-26,35.66666793823242,36.13666534423828,35.560001373291016,36.130001068115234
2018-01-29,36.03666687011719,36.65999984741211,35.996665954589844,36.516666412353516
2018-01-30,36.380001068115234,36.45333480834961,35.71666717529297,35.90999984741211
2018-01-31,35.92333221435547,36.060001373291016,35.356666564941406,35.53333282470703
2018-02-01,35.31999969482422,35.52000045776367,35.060001373291016,35.17333221435547
2018-02-02,35.04999923706055,35.4900016784668,34.71666717529297,34.82666778564453
2018-02-05,34.46666717529297,34.869998931884766,32.36333465576172,33.36333465576172
2018-02-06,32.54666519165039,33.69333267211914,32.41666793823242,33.633331298828125
2018-02-07,33.5,34.86333465576172,33.336666107177734,34.28333282470703
2018-02-08,34.40999984741211,34.49333190917969,33.33333206176758,33.34000015258789
2018-02-09,33.5099983215332,33.70000076293945,32.143333435058594,33.12333297729492
2018-02-12,33.37666702270508,33.483333587646484,32.93333435058594,33.18333435058594
2018-02-13,33.11000061035156,33.7400016784668,33.11000061035156,33.65999984741211
2018-02-14,33.619998931884766,34.08333206176758,33.4033317565918,33.900001525878906
2018-02-15,34.18333435058594,34.54666519165039,33.94333267211914,34.40999984741211
2018-02-16,34.36333465576172,34.97999954223633,33.99333190917969,34.926666259765625
2018-02-20,32.33000183105469,32.64666748046875,31.366666793823242,31.3700008392334
2018-02-21,31.703332901000977,31.780000686645508,30.413333892822266,30.50666618347168
2018-02-22,30.476667404174805,31.1299991607666,30.43666648864746,30.92333221435547
2018-02-23,30.959999084472656,31.163333892822266,30.586666107177734,30.963333129882812
2018-02-26,30.96666717529297,31.266666412353516,30.739999771118164,31.040000915527344
2018-02-27,31.209999084472656,31.239999771118164,30.503332138061523,30.50666618347168
2018-02-28,30.666667938232422,30.700000762939453,30.0,30.003332138061523
2018-03-01,30.05666732788086,30.059999465942383,29.23666763305664,29.69333267211914
2018-03-02,29.09000015258789,29.633333206176758,29.079999923706055,29.59000015258789
2018-03-05,29.3799991607666,30.166667938232422,29.356666564941406,29.99333381652832
2018-03-06,30.116666793823242,30.166667938232422,29.543333053588867,29.68666648864746
2018-03-07,29.32666778564453,29.510000228881836,29.113332748413086,29.246667861938477
2018-03-08,29.25666618347168,29.376667022705078,29.113332748413086,29.30666732788086
2018-03-09,29.413333892822266,29.573333740234375,29.176666259765625,29.573333740234375
2018-03-12,29.566667556762695,29.81333351135254,29.293333053588867,29.356666564941406
2018-03-13,29.463333129882812,29.633333206176758,29.32666778564453,29.433332443237305
2018-03-14,29.503332138061523,29.663333892822266,29.166667938232422,29.22333335876465
2018-03-15,29.226667404174805,29.59666633605957,28.633333206176758,29.170000076293945
2018-03-16,29.239999771118164,30.030000686645508,29.166667938232422,29.72333335876465
2018-03-19,29.636667251586914,29.69333267211914,29.03333282470703,29.149999618530273
2018-03-20,29.286666870117188,29.383333206176758,29.123332977294922,29.316667556762695
2018-03-21,29.296667098999023,29.893333435058594,29.226667404174805,29.393333435058594
2018-03-22,29.176666259765625,29.42333221435547,28.996667861938477,29.046667098999023
2018-03-23,29.116666793823242,29.229999542236328,28.426666259765625,28.47333335876465
2018-03-26,28.739999771118164,29.229999542236328,28.703332901000977,29.166667938232422
2018-03-27,29.31999969482422,29.34666633605957,28.49333381652832,28.683332443237305
2018-03-28,28.753332138061523,29.413333892822266,28.729999542236328,29.25666618347168
2018-03-29,29.299999237060547,29.780000686645508,29.25666618347168,29.656667709350586
2018-04-02,29.333332061767578,29.413333892822266,28.280000686645508,28.516666412353516
2018-04-03,28.75,28.983333587646484,28.516666412353516,28.933332443237305
2018-04-04,28.53333282470703,29.166667938232422,28.479999542236328,29.073333740234375
2018-04-05,29.200000762939453,29.450000762939453,29.016666412353516,29.270000457763672
2018-04-06,28.94333267211914,29.299999237060547,28.709999084472656,28.89666748046875
2018-04-09,28.950000762939453,29.149999618530273,28.746667861938477,28.760000228881836
2018-04-10,28.946666717529297,29.03333282470703,28.553333282470703,28.816667556762695
2018-04-11,28.666667938232422,28.953332901000977,28.600000381469727,28.636667251586914
2018-04-12,28.729999542236328,28.94333267211914,28.469999313354492,28.476667404174805
2018-04-13,28.6299991607666,28.75666618347168,28.39666748046875,28.67333221435547
2018-04-16,28.733333587646484,29.21666717529297,28.706666946411133,28.946666717529297
2018-04-17,29.15999984741211,29.389999389648438,29.136667251586914,29.299999237060547
2018-04-18,29.399999618530273,29.520000457763672,29.170000076293945,29.190000534057617
2018-04-19,29.136667251586914,29.34666633605957,28.860000610351562,29.296667098999023
2018-04-20,29.290000915527344,29.459999084472656,28.889999389648438,28.99333381652832
2018-04-23,28.963333129882812,29.02666664123535,28.67333221435547,28.700000762939453
2018-04-24,28.92333221435547,28.969999313354492,28.523332595825195,28.843332290649414
2018-04-25,28.773332595825195,29.233333587646484,28.6299991607666,29.05666732788086
2018-04-26,29.05666732788086,29.440000534057617,28.96666717529297,29.31333351135254
2018-04-27,29.290000915527344,29.299999237060547,29.02666664123535,29.09666633605957
2018-04-30,29.31333351135254,29.886667251586914,29.30666732788086,29.48666763305664
2018-05-01,29.22333335876465,29.336666107177734,28.78333282470703,29.136667251586914
2018-05-02,29.043333053588867,29.083332061767578,28.719999313354492,28.780000686645508
2018-05-03,28.729999542236328,28.76333236694336,28.373332977294922,28.74333381652832
2018-05-04,28.666667938232422,29.366666793823242,28.453332901000977,29.176666259765625
2018-05-07,29.163333892822266,29.166667938232422,28.42333221435547,28.489999771118164
2018-05-08,28.50666618347168,28.616666793823242,28.30666732788086,28.579999923706055
2018-05-09,27.520000457763672,27.893333435058594,27.333332061767578,27.68666648864746
2018-05-10,27.546667098999023,27.92333221435547,27.336666107177734,27.56333351135254
2018-05-11,27.56333351135254,27.84000015258789,27.316667556762695,27.793333053588867
2018-05-14,27.963333129882812,28.26333236694336,27.883333206176758,28.1299991607666
2018-05-15,28.020000457763672,28.293333053588867,27.933332443237305,28.17333221435547
2018-05-16,28.290000915527344,28.709999084472656,28.246667861938477,28.709999084472656
2018-05-17,29.01333236694336,29.196666717529297,27.950000762939453,28.163333892822266
2018-05-18,28.079999923706055,28.14666748046875,27.829999923706055,27.8799991607666
2018-05-21,28.046667098999023,28.18000030517578,27.940000534057617,28.170000076293945
2018-05-22,28.166667938232422,28.270000457763672,27.76333236694336,27.790000915527344
2018-05-23,27.649999618530273,27.67333221435547,27.389999389648438,27.670000076293945
2018-05-24,27.666667938232422,27.666667938232422,27.260000228881836,27.616666793823242
2018-05-25,27.616666793823242,27.780000686645508,27.440000534057617,27.48666763305664
2018-05-29,27.31999969482422,27.50666618347168,27.270000457763672,27.46666717529297
2018-05-30,27.483333587646484,28.07666778564453,27.420000076293945,28.040000915527344
2018-05-31,27.979999542236328,28.10333251953125,27.503332138061523,27.51333236694336
2018-06-01,27.68000030517578,27.80666732788086,27.616666793823242,27.663333892822266
2018-06-04,27.833332061767578,28.50666618347168,27.766666412353516,28.47333335876465
2018-06-05,28.483333587646484,28.489999771118164,28.083332061767578,28.206666946411133
2018-06-06,28.316667556762695,28.383333206176758,28.116666793823242,28.18666648864746
2018-06-07,28.260000228881836,28.586666107177734,28.229999542236328,28.316667556762695
2018-06-08,28.260000228881836,28.39666748046875,28.046667098999023,28.1200008392334
2018-06-11,28.136667251586914,28.18000030517578,27.93000030517578,28.100000381469727
2018-06-12,28.106666564941406,28.196666717529297,27.823333740234375,28.03333282470703
2018-06-13,27.963333129882812,28.123332977294922,27.950000762939453,28.030000686645508
2018-06-14,28.073333740234375,28.270000457763672,27.889999389648438,27.93000030517578
2018-06-15,27.833332061767578,27.996667861938477,27.68666648864746,27.899999618530273
2018-06-18,27.683332443237305,27.856666564941406,27.606666564941406,27.666667938232422
2018-06-19,27.53333282470703,27.873332977294922,27.456666946411133,27.8700008392334
2018-06-20,27.90333366394043,27.940000534057617,27.719999313354492,27.8700008392334
2018-06-21,27.799999237060547,28.183332443237305,27.633333206176758,28.06999969482422
2018-06-22,28.15333366394043,28.28333282470703,28.03333282470703,28.273332595825195
2018-06-25,28.196666717529297,28.866666793823242,28.15999984741211,28.823333740234375
2018-06-26,28.843332290649414,29.016666412353516,28.586666107177734,28.65999984741211
2018-06-27,28.633333206176758,29.163333892822266,28.516666412353516,28.963333129882812
2018-06-28,28.950000762939453,29.09666633605957,28.56333351135254,28.6200008392334
2018-06-29,28.633333206176758,28.733333587646484,28.50666618347168,28.549999237060547
2018-07-02,28.549999237060547,28.64666748046875,27.799999237060547,28.0
2018-07-03,28.030000686645508,28.350000381469727,28.030000686645508,28.14666748046875
2018-07-05,28.31333351135254,28.52666664123535,28.09000015258789,28.190000534057617
2018-07-06,28.066667556762695,28.290000915527344,27.940000534057617,28.170000076293945
2018-07-09,28.333332061767578,28.823333740234375,28.25666618347168,28.643333435058594
2018-07-10,28.643333435058594,29.110000610351562,28.626667022705078,29.06999969482422
2018-07-11,29.020000457763672,29.049999237060547,28.796667098999023,28.843332290649414
2018-07-12,28.979999542236328,29.136667251586914,28.739999771118164,28.84000015258789
2018-07-13,28.84000015258789,29.329999923706055,28.833332061767578,29.233333587646484
2018-07-16,29.206666946411133,29.239999771118164,28.94333267211914,29.213333129882812
2018-07-17,29.133333206176758,29.566667556762695,29.133333206176758,29.39666748046875
2018-07-18,29.44333267211914,29.729999542236328,29.31333351135254,29.356666564941406
2018-07-19,29.286666870117188,29.49333381652832,29.136667251586914,29.239999771118164
2018-07-20,29.133333206176758,29.389999389648438,29.066667556762695,29.35333251953125
2018-07-23,29.21666717529297,29.383333206176758,29.126667022705078,29.209999084472656
2018-07-24,29.373332977294922,29.5,29.203332901000977,29.31999969482422
2018-07-25,29.09000015258789,29.34000015258789,29.036666870117188,29.299999237060547
2018-07-26,29.5,29.809999465942383,29.393333435058594,29.40999984741211
2018-07-27,29.546667098999023,29.626667022705078,29.343332290649414,29.376667022705078
2018-07-30,29.333332061767578,29.64666748046875,29.296667098999023,29.626667022705078
2018-07-31,29.666667938232422,29.886667251586914,29.600000381469727,29.74333381652832
2018-08-01,29.6200008392334,29.709999084472656,29.293333053588867,29.413333892822266
2018-08-02,29.31333351135254,29.613332748413086,29.206666946411133,29.586666107177734
2018-08-03,29.729999542236328,30.093332290649414,29.666667938232422,29.866666793823242
2018-08-06,29.770000457763672,29.99333381652832,29.709999084472656,29.889999389648438
2018-08-07,29.94333267211914,30.1200008392334,29.883333206176758,29.92333221435547
2018-08-08,29.989999771118164,30.07666778564453,29.790000915527344,30.016666412353516
2018-08-09,29.81999969482422,29.876667022705078,29.586666107177734,29.670000076293945
2018-08-10,29.566667556762695,30.123332977294922,29.549999237060547,30.059999465942383
2018-08-13,30.066667556762695,30.18000030517578,29.790000915527344,29.8799991607666
2018-08-14,29.8799991607666,30.373332977294922,29.876667022705078,30.28333282470703
2018-08-15,30.083332061767578,30.136667251586914,29.889999389648438,30.073333740234375
2018-08-16,33.369998931884766,33.4033317565918,32.63666534423828,32.880001068115234
2018-08-17,32.59000015258789,33.223331451416016,32.53666687011719,32.616668701171875
2018-08-20,32.55666732788086,32.76333236694336,31.983333587646484,32.0
2018-08-21,31.98666763305664,32.119998931884766,31.786666870117188,32.026668548583984
2018-08-22,32.06666564941406,32.28333282470703,31.74333381652832,31.889999389648438
2018-08-23,31.833332061767578,31.953332901000977,31.68666648864746,31.726667404174805
2018-08-24,31.696666717529297,31.886667251586914,31.450000762939453,31.649999618530273
2018-08-27,31.753332138061523,31.8700008392334,31.43000030517578,31.51333236694336
2018-08-28,31.59000015258789,32.116668701171875,31.510000228881836,32.02333450317383
2018-08-29,32.09333419799805,32.276668548583984,31.843332290649414,31.8799991607666
2018-08-30,31.833332061767578,32.16666793823242,31.816667556762695,32.03333282470703
2018-08-31,32.063331604003906,32.14666748046875,31.703332901000977,31.953332901000977
2018-09-04,31.933332443237305,32.09000015258789,31.746667861938477,31.786666870117188
2018-09-05,31.889999389648438,32.276668548583984,31.786666870117188,32.206668853759766
2018-09-06,32.176666259765625,32.2400016784668,32.003334045410156,32.150001525878906
2018-09-07,31.933332443237305,32.15999984741211,31.8799991607666,31.94333267211914
2018-09-10,32.03666687011719,32.39666748046875,32.029998779296875,32.29999923706055
2018-09-11,32.42333221435547,32.5533332824707,32.163333892822266,32.21333312988281
2018-09-12,32.086666107177734,32.246665954589844,31.976667404174805,31.989999771118164
2018-09-13,31.773332595825195,31.873332977294922,31.636667251586914,31.706666946411133
2018-09-14,31.510000228881836,31.613332748413086,31.450000762939453,31.530000686645508
2018-09-17,31.583332061767578,31.82666778564453,31.456666946411133,31.606666564941406
2018-09-18,31.48666763305664,31.863332748413086,31.383333206176758,31.809999465942383
2018-09-19,31.856666564941406,31.963333129882812,31.626667022705078,31.746667861938477
2018-09-20,31.78333282470703,31.93000030517578,31.649999618530273,31.916667938232422
2018-09-21,31.97333335876465,32.0966682434082,31.876667022705078,31.96666717529297
2018-09-24,31.81333351135254,32.0,31.6200008392334,31.639999389648438
2018-09-25,31.996667861938477,32.17333221435547,31.663333892822266,31.700000762939453
2018-09-26,31.700000762939453,31.863332748413086,31.50666618347168,31.530000686645508
2018-09-27,31.39666748046875,31.65333366394043,31.273332595825195,31.376667022705078
2018-09-28,31.426666259765625,31.456666946411133,31.229999542236328,31.303333282470703
2018-10-01,31.43000030517578,31.553333282470703,31.34666633605957,31.46666717529297
2018-10-02,31.309999465942383,31.8700008392334,31.28333282470703,31.71666717529297
2018-10-03,31.833332061767578,31.84666633605957,31.34666633605957,31.356666564941406
2018-10-04,31.356666564941406,31.5,31.066667556762695,31.40333366394043
2018-10-05,31.286666870117188,31.39666748046875,30.963333129882812,31.10333251953125
2018-10-08,31.083332061767578,31.643333435058594,31.00666618347168,31.56333351135254
2018-10-09,31.8799991607666,32.58000183105469,31.729999542236328,32.36000061035156
2018-10-10,32.20000076293945,32.616668701171875,31.899999618530273,31.920000076293945
2018-10-11,31.93666648864746,32.0966682434082,31.200000762939453,31.30666732788086
2018-10-12,31.586666107177734,31.72333335876465,31.22333335876465,31.60333251953125
2018-10-15,31.5,31.663333892822266,31.273332595825195,31.273332595825195
2018-10-16,31.566667556762695,32.02333450317383,31.446666717529297,31.93666648864746
2018-10-17,31.726667404174805,32.206668853759766,31.633333206176758,32.186668395996094
2018-10-18,32.133331298828125,32.41666793823242,31.913333892822266,32.05666732788086
2018-10-19,32.0,32.54999923706055,32.0,32.383331298828125
2018-10-22,32.4466667175293,32.526668548583984,32.246665954589844,32.380001068115234
2018-10-23,32.16666793823242,32.663333892822266,32.03666687011719,32.599998474121094
2018-10-24,32.5,33.05666732788086,32.426666259765625,32.52000045776367
2018-10-25,32.66999816894531,33.15999984741211,32.33333206176758,33.060001373291016
2018-10-26,32.936668395996094,33.223331451416016,32.67333221435547,32.97999954223633
2018-10-29,33.16999816894531,33.90999984741211,33.029998779296875,33.266666412353516
2018-10-30,33.4033317565918,34.20000076293945,33.35333251953125,34.13999938964844
2018-10-31,34.163333892822266,34.163333892822266,33.37333297729492,33.426666259765625
2018-11-01,33.31999969482422,33.723331451416016,33.2400016784668,33.526668548583984
2018-11-02,33.62666702270508,33.856666564941406,33.436668395996094,33.779998779296875
2018-11-05,33.72999954223633,34.38999938964844,33.543331146240234,34.3033332824707
2018-11-06,34.18000030517578,34.47999954223633,34.016666412353516,34.44333267211914
2018-11-07,34.5533332824707,34.823333740234375,34.349998474121094,34.77333450317383
2018-11-08,34.776668548583984,35.086666107177734,34.676666259765625,34.959999084472656
2018-11-09,35.0,35.29999923706055,34.936668395996094,35.186668395996094
2018-11-12,35.16666793823242,35.4033317565918,34.54999923706055,34.62333297729492
2018-11-13,34.55666732788086,34.71666717529297,34.18000030517578,34.313331604003906
2018-11-14,34.33333206176758,34.383331298828125,33.66999816894531,33.84333419799805
2018-11-15,34.106666564941406,34.266666412353516,32.87333297729492,33.18000030517578
2018-11-16,32.939998626708984,33.13999938964844,32.30666732788086,32.563331604003906
2018-11-19,32.64666748046875,32.75,32.143333435058594,32.2599983215332
2018-11-20,31.65999984741211,31.733333587646484,31.200000762939453,31.386667251586914
2018-11-21,31.453332901000977,31.639999389648438,31.10333251953125,31.389999389648438
2018-11-23,31.376667022705078,31.850000381469727,31.376667022705078,31.700000762939453
2018-11-26,31.89666748046875,32.02333450317383,31.579999923706055,31.71666717529297
2018-11-27,31.663333892822266,31.84666633605957,31.469999313354492,31.68000030517578
2018-11-28,31.816667556762695,32.540000915527344,31.683332443237305,32.48666763305664
2018-11-29,32.34000015258789,32.61000061035156,32.246665954589844,32.43000030517578
2018-11-30,32.46666717529297,32.810001373291016,32.356666564941406,32.54999923706055
2018-12-03,32.67333221435547,33.1966667175293,32.55666732788086,32.91666793823242
2018-12-04,32.75,32.98666763305664,31.8700008392334,31.93666648864746
2018-12-06,31.64666748046875,31.803333282470703,31.03333282470703,31.59000015258789
2018-12-07,31.5,31.709999084472656,30.816667556762695,31.06333351135254
2018-12-10,31.18666648864746,31.416667938232422,30.780000686645508,31.31333351135254
2018-12-11,31.416667938232422,31.496667861938477,31.083332061767578,31.28333282470703
2018-12-12,31.433332443237305,31.433332443237305,31.020000457763672,31.036666870117188
2018-12-13,31.083332061767578,31.226667404174805,30.809999465942383,30.98666763305664
2018-12-14,30.683332443237305,30.85333251953125,30.523332595825195,30.616666793823242
2018-12-17,30.406667709350586,30.670000076293945,30.053333282470703,30.25666618347168
2018-12-18,30.266666412353516,30.420000076293945,30.093332290649414,30.360000610351562
2018-12-19,30.43000030517578,31.0,30.083332061767578,30.183332443237305
2018-12-20,30.036666870117188,30.036666870117188,28.713333129882812,29.093332290649414
2018-12-21,28.956666946411133,29.823333740234375,28.933332443237305,29.043333053588867
2018-12-24,28.84666633605957,29.190000534057617,28.593332290649414,28.606666564941406
2018-12-26,28.80666732788086,30.139999389648438,28.766666412353516,30.136667251586914
2018-12-27,29.916667938232422,30.536666870117188,29.479999542236328,30.530000686645508
2018-12-28,30.690000534057617,31.156667709350586,30.549999237060547,30.709999084472656
2018-12-31,30.889999389648438,31.1299991607666,30.75,31.049999237060547
2019-01-02,30.546667098999023,31.21666717529297,30.546667098999023,31.113332748413086
2019-01-03,31.06999969482422,31.56999969482422,30.899999618530273,30.953332901000977
2019-01-04,31.06999969482422,31.219999313354492,30.89666748046875,31.14666748046875
2019-01-07,31.206666946411133,31.72333335876465,31.059999465942383,31.51333236694336
2019-01-08,31.68666648864746,31.920000076293945,31.303333282470703,31.733333587646484
2019-01-09,31.90333366394043,32.04666519165039,31.59000015258789,31.6299991607666
2019-01-10,31.293333053588867,31.65999984741211,31.040000915527344,31.65333366394043
2019-01-11,31.663333892822266,31.76333236694336,31.516666412353516,31.613332748413086
2019-01-14,31.49333381652832,31.816667556762695,31.426666259765625,31.649999618530273
2019-01-15,31.823333740234375,32.20000076293945,31.793333053588867,32.08333206176758
2019-01-16,31.976667404174805,32.28666687011719,31.94333267211914,32.116668701171875
2019-01-17,32.106666564941406,32.4033317565918,32.0533332824707,32.246665954589844
2019-01-18,32.31666564941406,32.733333587646484,32.28333282470703,32.57666778564453
2019-01-22,32.383331298828125,32.810001373291016,32.2599983215332,32.496665954589844
2019-01-23,32.956668853759766,33.116668701171875,32.5099983215332,32.9033317565918
2019-01-24,32.733333587646484,32.81999969482422,32.143333435058594,32.78666687011719
2019-01-25,32.91666793823242,32.970001220703125,32.25,32.313331604003906
2019-01-28,32.176666259765625,32.356666564941406,32.026668548583984,32.35333251953125
2019-01-29,32.25666809082031,32.38666534423828,32.16999816894531,32.23666763305664
2019-01-30,32.22666549682617,32.266666412353516,31.420000076293945,31.600000381469727
2019-01-31,31.543333053588867,32.290000915527344,31.543333053588867,31.94333267211914
2019-02-01,31.97333335876465,32.0,31.036666870117188,31.286666870117188
2019-02-04,31.286666870117188,31.59000015258789,31.116666793823242,31.59000015258789
2019-02-05,31.75,31.979999542236328,31.67333221435547,31.866666793823242
2019-02-06,31.809999465942383,32.003334045410156,31.739999771118164,31.8799991607666
2019-02-07,31.703332901000977,32.27333450317383,31.666667938232422,32.24333190917969
2019-02-08,32.11333465576172,32.22999954223633,31.713333129882812,31.860000610351562
2019-02-11,31.883333206176758,32.116668701171875,31.8799991607666,32.06666564941406
2019-02-12,32.27333450317383,32.38999938964844,32.16666793823242,32.323333740234375
2019-02-13,32.43333435058594,32.66666793823242,32.36333465576172,32.64666748046875
2019-02-14,32.560001373291016,33.06666564941406,32.34000015258789,32.84000015258789
2019-02-15,32.99333190917969,33.33333206176758,32.95333480834961,33.33000183105469
2019-02-19,34.12666702270508,34.72666549682617,34.02333450317383,34.06666564941406
2019-02-20,33.936668395996094,34.11333465576172,32.883331298828125,33.293331146240234
2019-02-21,33.220001220703125,33.30666732788086,32.970001220703125,33.130001068115234
2019-02-22,33.27333450317383,33.38666534423828,33.04666519165039,33.18333435058594
2019-02-25,33.37333297729492,33.37666702270508,33.016666412353516,33.040000915527344
2019-02-26,33.00666809082031,33.02000045776367,32.62333297729492,32.89666748046875
2019-02-27,32.706668853759766,32.79666519165039,32.529998779296875,32.70333480834961
2019-02-28,32.70333480834961,33.15666580200195,32.59000015258789,32.996665954589844
2019-03-01,33.15666580200195,33.186668395996094,32.37333297729492,32.643333435058594
2019-03-04,32.706668853759766,32.86333465576172,32.456668853759766,32.616668701171875
2019-03-05,32.709999084472656,33.063331604003906,32.6966667175293,32.779998779296875
2019-03-06,32.75666809082031,33.0,32.619998931884766,32.753334045410156
2019-03-07,32.56999969482422,32.733333587646484,32.413333892822266,32.483333587646484
2019-03-08,32.516666412353516,32.80666732788086,32.33333206176758,32.529998779296875
2019-03-11,32.68000030517578,32.86000061035156,32.606666564941406,32.82666778564453
2019-03-12,32.84333419799805,32.913333892822266,32.68333435058594,32.790000915527344
2019-03-13,32.900001525878906,33.116668701171875,32.79666519165039,33.0099983215332
2019-03-14,32.8033332824707,32.810001373291016,32.529998779296875,32.7400016784668
2019-03-15,32.7599983215332,32.836666107177734,32.53333282470703,32.80666732788086
2019-03-18,32.766666412353516,33.25666809082031,32.753334045410156,33.220001220703125
2019-03-19,33.33000183105469,33.496665954589844,33.189998626708984,33.28333282470703
2019-03-20,33.06666564941406,33.18333435058594,32.8466682434082,32.880001068115234
2019-03-21,32.75,33.043331146240234,32.70000076293945,33.02000045776367
2019-03-22,32.86000061035156,33.176666259765625,32.64666748046875,32.7599983215332
2019-03-25,32.599998474121094,32.87333297729492,32.543331146240234,32.723331451416016
2019-03-26,32.78666687011719,32.95000076293945,32.676666259765625,32.77333450317383
2019-03-27,32.71333312988281,32.95333480834961,31.666667938232422,32.4033317565918
2019-03-28,32.529998779296875,32.62333297729492,32.176666259765625,32.37666702270508
2019-03-29,32.529998779296875,32.55666732788086,32.3466682434082,32.5099983215332
2019-04-01,32.65666580200195,32.78666687011719,32.52000045776367,32.606666564941406
2019-04-02,32.586666107177734,32.77000045776367,32.29999923706055,32.313331604003906
2019-04-03,32.37333297729492,32.46666717529297,32.26333236694336,32.39666748046875
2019-04-04,32.41666793823242,32.7599983215332,32.413333892822266,32.70333480834961
2019-04-05,32.75,33.06666564941406,32.720001220703125,32.94333267211914
2019-04-08,32.81666564941406,33.08333206176758,32.753334045410156,33.07666778564453
2019-04-09,32.93333435058594,33.07666778564453,32.71666717529297,32.89666748046875
2019-04-10,32.836666107177734,33.2400016784668,32.83333206176758,33.20000076293945
2019-04-11,33.233333587646484,33.61000061035156,33.15666580200195,33.599998474121094
2019-04-12,33.66666793823242,34.00666809082031,33.66666793823242,33.85333251953125
2019-04-15,33.766666412353516,34.3033332824707,33.753334045410156,34.143333435058594
2019-04-16,34.29666519165039,34.46333312988281,34.18000030517578,34.310001373291016
2019-04-17,34.33333206176758,34.46666717529297,34.13666534423828,34.38666534423828
2019-04-18,34.369998931884766,34.599998474121094,34.29666519165039,34.393333435058594
2019-04-22,34.2599983215332,34.51333236694336,34.05666732788086,34.12333297729492
2019-04-23,34.176666259765625,34.43000030517578,33.97999954223633,34.356666564941406
2019-04-24,34.380001068115234,34.616668701171875,34.36333465576172,34.5099983215332
2019-04-25,34.413333892822266,34.71666717529297,34.276668548583984,34.50666809082031
2019-04-26,33.483333587646484,34.11333465576172,33.220001220703125,33.84333419799805
2019-04-29,33.959999084472656,34.0,33.59333419799805,33.85333251953125
2019-04-30,33.92333221435547,34.30666732788086,33.81666564941406,34.279998779296875
2019-05-01,34.25666809082031,34.27000045776367,33.7599983215332,33.78666687011719
2019-05-02,33.810001373291016,34.02000045776367,33.413333892822266,33.71666717529297
2019-05-03,34.106666564941406,34.25,33.93333435058594,34.026668548583984
2019-05-06,33.58333206176758,34.18333435058594,33.51333236694336,34.1533317565918
2019-05-07,33.93333435058594,34.05666732788086,33.586666107177734,33.766666412353516
2019-05-08,33.41666793823242,33.68000030517578,33.28666687011719,33.43333435058594
2019-05-09,33.09000015258789,33.313331604003906,32.95000076293945,33.18000030517578
2019-05-10,33.253334045410156,34.03666687011719,33.233333587646484,33.970001220703125
2019-05-13,33.483333587646484,33.71666717529297,33.003334045410156,33.29666519165039
2019-05-14,33.380001068115234,33.62333297729492,33.29666519165039,33.43000030517578
2019-05-15,33.400001525878906,33.45333480834961,33.043331146240234,33.293331146240234
2019-05-16,34.276668548583984,34.6533317565918,33.61333465576172,33.77000045776367
2019-05-17,33.413333892822266,33.983333587646484,33.3033332824707,33.619998931884766
2019-05-20,33.46333312988281,33.99333190917969,33.41666793823242,33.84000015258789
2019-05-21,33.836666107177734,33.883331298828125,33.46666717529297,33.706668853759766
2019-05-22,33.866668701171875,34.143333435058594,33.686668395996094,34.07666778564453
2019-05-23,33.939998626708984,33.97666549682617,33.54999923706055,33.95333480834961
2019-05-24,34.060001373291016,34.29666519165039,34.026668548583984,34.223331451416016
2019-05-28,34.186668395996094,34.52333450317383,34.133331298828125,34.13999938964844
2019-05-29,34.03666687011719,34.293331146240234,33.823333740234375,34.040000915527344
2019-05-30,34.163333892822266,34.496665954589844,33.970001220703125,34.063331604003906
2019-05-31,33.78333282470703,34.00666809082031,33.53333282470703,33.813331604003906
2019-06-03,33.87666702270508,34.22666549682617,33.79999923706055,33.98666763305664
2019-06-04,34.20333480834961,34.21666717529297,33.813331604003906,34.186668395996094
2019-06-05,34.25,34.926666259765625,34.20000076293945,34.80666732788086
2019-06-06,34.83000183105469,35.220001220703125,34.733333587646484,35.03666687011719
2019-06-07,35.07666778564453,35.45333480834961,35.016666412353516,35.35333251953125
2019-06-10,35.49333190917969,35.926666259765625,35.456668853759766,35.84000015258789
2019-06-11,36.0,36.323333740234375,35.91666793823242,35.97999954223633
2019-06-12,35.973331451416016,36.3033332824707,35.973331451416016,36.27333450317383
2019-06-13,36.33333206176758,36.526668548583984,36.05666732788086,36.21666717529297
2019-06-14,36.2599983215332,36.529998779296875,36.1533317565918,36.356666564941406
2019-06-17,36.37333297729492,36.516666412353516,36.086666107177734,36.38666534423828
2019-06-18,36.599998474121094,36.6533317565918,36.3033332824707,36.54999923706055
2019-06-19,36.599998474121094,36.61333465576172,36.290000915527344,36.540000915527344
2019-06-20,36.606666564941406,36.83000183105469,36.426666259765625,36.77333450317383
2019-06-21,36.779998779296875,37.39666748046875,36.753334045410156,37.043331146240234
2019-06-24,37.163333892822266,37.40666580200195,37.0099983215332,37.08000183105469
2019-06-25,36.959999084472656,37.143333435058594,36.79999923706055,36.90666580200195
2019-06-26,36.95000076293945,37.026668548583984,36.70000076293945,36.720001220703125
2019-06-27,36.686668395996094,36.836666107177734,36.28666687011719,36.70000076293945
2019-06-28,36.849998474121094,37.16999816894531,36.746665954589844,36.83000183105469
2019-07-01,37.099998474121094,37.323333740234375,36.67333221435547,36.87333297729492
2019-07-02,36.94333267211914,37.20333480834961,36.779998779296875,37.20000076293945
2019-07-03,37.060001373291016,37.46666717529297,37.0,37.439998626708984
2019-07-05,37.33333206176758,37.413333892822266,37.06999969482422,37.32666778564453
2019-07-08,37.30666732788086,37.643333435058594,37.233333587646484,37.573333740234375
2019-07-09,37.630001068115234,37.793331146240234,37.53333282470703,37.62666702270508
2019-07-10,37.706668853759766,37.869998931884766,37.46333312988281,37.65999984741211
2019-07-11,37.779998779296875,37.97999954223633,37.67333221435547,37.973331451416016
2019-07-12,38.029998779296875,38.25666809082031,37.87333297729492,38.20000076293945
2019-07-15,38.223331451416016,38.36000061035156,38.150001525878906,38.32666778564453
2019-07-16,38.44333267211914,38.496665954589844,38.01333236694336,38.253334045410156
2019-07-17,38.27000045776367,38.38999938964844,38.06666564941406,38.20000076293945
2019-07-18,38.116668701171875,38.2599983215332,37.913333892822266,38.2400016784668
2019-07-19,38.33333206176758,38.436668395996094,37.95333480834961,37.96666717529297
2019-07-22,38.03333282470703,38.11333465576172,37.439998626708984,37.606666564941406
2019-07-23,37.706668853759766,37.733333587646484,37.189998626708984,37.36333465576172
2019-07-24,37.34333419799805,37.5966682434082,37.189998626708984,37.33333206176758
2019-07-25,37.393333435058594,37.46333312988281,37.220001220703125,37.40666580200195
2019-07-26,37.37333297729492,37.779998779296875,37.27333450317383,37.67333221435547
2019-07-29,37.61333465576172,37.65999984741211,37.253334045410156,37.42333221435547
2019-07-30,37.35333251953125,37.46666717529297,37.223331451416016,37.35333251953125
2019-07-31,37.3033332824707,37.4466667175293,36.543331146240234,36.793331146240234
2019-08-01,36.77333450317383,37.38999938964844,36.439998626708984,36.459999084472656
2019-08-02,36.58000183105469,36.71333312988281,36.04999923706055,36.46666717529297
2019-08-05,36.0,36.0,35.1966667175293,35.27333450317383
2019-08-06,35.39666748046875,35.9466667175293,35.1966667175293,35.75666809082031
2019-08-07,35.67333221435547,36.21333312988281,35.30666732788086,36.06666564941406
2019-08-08,36.003334045410156,36.279998779296875,35.92333221435547,36.17333221435547
2019-08-09,36.02000045776367,36.1533317565918,35.56999969482422,35.7599983215332
2019-08-12,35.573333740234375,35.61333465576172,34.9466667175293,35.073333740234375
2019-08-13,35.08333206176758,36.03666687011719,34.95000076293945,35.8033332824707
2019-08-14,35.15999984741211,36.02000045776367,35.04666519165039,35.400001525878906
2019-08-15,37.5099983215332,37.880001068115234,36.720001220703125,37.563331604003906
2019-08-16,38.026668548583984,38.310001373291016,37.35333251953125,37.663333892822266
2019-08-19,38.116668701171875,38.2599983215332,37.866668701171875,37.936668395996094
2019-08-20,37.95333480834961,38.01333236694336,37.336666107177734,37.349998474121094
2019-08-21,37.99333190917969,38.02333450317383,37.293331146240234,37.34000015258789
2019-08-22,37.400001525878906,37.5966682434082,37.116668701171875,37.3033332824707
2019-08-23,37.206668853759766,37.3033332824707,36.709999084472656,36.94333267211914
2019-08-26,37.186668395996094,37.42333221435547,37.073333740234375,37.33000183105469
2019-08-27,37.473331451416016,37.60333251953125,37.16999816894531,37.473331451416016
2019-08-28,37.426666259765625,37.69333267211914,37.22666549682617,37.573333740234375
2019-08-29,38.06666564941406,38.1966667175293,37.77000045776367,38.026668548583984
2019-08-30,38.33333206176758,38.459999084472656,37.96666717529297,38.086666107177734
2019-09-03,37.893333435058594,38.436668395996094,37.83000183105469,38.21333312988281
2019-09-04,38.563331604003906,38.6533317565918,38.27333450317383,38.63666534423828
2019-09-05,39.223331451416016,39.31999969482422,38.42333221435547,38.47999954223633
2019-09-06,38.47999954223633,38.58333206176758,38.206668853759766,38.24333190917969
2019-09-09,38.16666793823242,38.869998931884766,38.133331298828125,38.776668548583984
2019-09-10,38.663333892822266,38.98666763305664,38.49333190917969,38.68333435058594
2019-09-11,38.66666793823242,38.900001525878906,38.40666580200195,38.67333221435547
2019-09-12,38.883331298828125,39.02333450317383,38.633331298828125,38.973331451416016
2019-09-13,39.0533332824707,39.39666748046875,38.983333587646484,39.143333435058594
2019-09-16,38.8466682434082,39.05666732788086,38.459999084472656,38.52333450317383
2019-09-17,38.439998626708984,38.89666748046875,38.41666793823242,38.836666107177734
2019-09-18,38.970001220703125,39.07666778564453,38.72666549682617,39.0533332824707
2019-09-19,39.133331298828125,39.27000045776367,38.92333221435547,39.03666687011719
2019-09-20,39.116668701171875,39.21333312988281,38.93333435058594,38.99333190917969
2019-09-23,38.869998931884766,39.470001220703125,38.85333251953125,39.206668853759766
2019-09-24,39.41666793823242,39.95333480834961,39.336666107177734,39.46666717529297
2019-09-25,39.4900016784668,39.573333740234375,39.27000045776367,39.4900016784668
2019-09-26,39.599998474121094,39.849998474121094,39.39666748046875,39.43333435058594
2019-09-27,39.73666763305664,39.74333190917969,39.25,39.483333587646484
2019-09-30,39.55666732788086,39.813331604003906,39.52000045776367,39.560001373291016
2019-10-01,39.616668701171875,39.70333480834961,39.2400016784668,39.28333282470703
2019-10-02,39.133331298828125,39.18333435058594,38.53666687011719,38.706668853759766
2019-10-03,38.62666702270508,38.93333435058594,38.19333267211914,38.77000045776367
2019-10-04,38.79999923706055,39.43333435058594,38.72999954223633,39.38666534423828
2019-10-07,39.366668701171875,39.43333435058594,38.959999084472656,39.07666778564453
2019-10-08,38.936668395996094,39.55666732788086,38.88666534423828,39.19333267211914
2019-10-09,39.393333435058594,39.766666412353516,39.34000015258789,39.643333435058594
2019-10-10,39.633331298828125,39.959999084472656,39.53333282470703,39.869998931884766
2019-10-11,39.973331451416016,40.23666763305664,39.573333740234375,40.08000183105469
2019-10-14,39.95000076293945,40.1533317565918,39.70000076293945,39.723331451416016
2019-10-15,39.776668548583984,39.996665954589844,39.62333297729492,39.84333419799805
2019-10-16,39.77000045776367,40.03666687011719,39.70000076293945,39.80666732788086
2019-10-17,39.88999938964844,40.08333206176758,39.78666687011719,39.9466667175293
2019-10-18,40.150001525878906,40.20000076293945,39.709999084472656,39.71333312988281
2019-10-21,39.766666412353516,39.94333267211914,39.606666564941406,39.913333892822266
2019-10-22,39.91666793823242,40.05666732788086,39.79666519165039,39.86000061035156
2019-10-23,39.723331451416016,39.95000076293945,39.563331604003906,39.78333282470703
2019-10-24,39.71666717529297,39.856666564941406,39.503334045410156,39.70000076293945
2019-10-25,39.66666793823242,39.776668548583984,39.400001525878906,39.68000030517578
2019-10-28,39.75,39.900001525878906,39.5099983215332,39.7400016784668
2019-10-29,39.5,39.57666778564453,39.026668548583984,39.04999923706055
2019-10-30,39.060001373291016,39.456668853759766,39.016666412353516,39.366668701171875
2019-10-31,39.310001373291016,39.426666259765625,38.94333267211914,39.086666107177734
2019-11-01,39.30666732788086,39.323333740234375,39.07666778564453,39.206668853759766
2019-11-04,39.46666717529297,39.70333480834961,39.05666732788086,39.189998626708984
2019-11-05,39.22666549682617,39.71333312988281,39.026668548583984,39.619998931884766
2019-11-06,39.61000061035156,39.87333297729492,39.56999969482422,39.83333206176758
2019-11-07,40.0,40.30666732788086,39.8466682434082,40.07666778564453
2019-11-08,40.10333251953125,40.293331146240234,39.64666748046875,39.813331604003906
2019-11-11,39.56666564941406,39.87666702270508,39.426666259765625,39.68000030517578
2019-11-12,39.866668701171875,40.0,39.60333251953125,39.706668853759766
2019-11-13,39.720001220703125,40.45333480834961,39.5533332824707,40.32666778564453
2019-11-14,41.53333282470703,41.793331146240234,39.836666107177734,40.21666717529297
2019-11-15,40.22666549682617,40.33333206176758,39.459999084472656,39.62333297729492
2019-11-18,39.483333587646484,40.290000915527344,39.413333892822266,40.08333206176758
2019-11-19,40.03666687011719,40.119998931884766,39.9033317565918,39.96333312988281
2019-11-20,40.06999969482422,40.15999984741211,39.46666717529297,39.709999084472656
2019-11-21,39.61000061035156,40.0,39.55666732788086,39.95333480834961
2019-11-22,40.04999923706055,40.099998474121094,39.75666809082031,39.78666687011719
2019-11-25,40.0,40.00666809082031,39.29999923706055,39.63999938964844
2019-11-26,39.6533317565918,39.766666412353516,39.483333587646484,39.72999954223633
2019-11-27,39.79666519165039,39.93333435058594,39.57666778564453,39.586666107177734
2019-11-29,39.71333312988281,39.9900016784668,39.66666793823242,39.6966667175293
2019-12-02,39.71666717529297,39.793331146240234,39.279998779296875,39.7599983215332
2019-12-03,39.46666717529297,39.6533317565918,39.25666809082031,39.55666732788086
2019-12-04,39.706668853759766,39.733333587646484,39.43333435058594,39.563331604003906
2019-12-05,39.45333480834961,39.59333419799805,39.13999938964844,39.5533332824707
2019-12-06,39.69333267211914,39.93333435058594,39.63999938964844,39.926666259765625
2019-12-09,39.856666564941406,39.95333480834961,39.72666549682617,39.78666687011719
2019-12-10,39.78333282470703,39.85333251953125,39.67333221435547,39.71333312988281
2019-12-11,39.79999923706055,39.883331298828125,39.5099983215332,39.66666793823242
2019-12-12,39.66666793823242,40.03666687011719,39.560001373291016,39.91999816894531
2019-12-13,39.720001220703125,40.21666717529297,39.67333221435547,40.0966682434082
2019-12-16,40.13999938964844,40.45000076293945,40.13999938964844,40.18000030517578
2019-12-17,40.31666564941406,40.56666564941406,40.233333587646484,40.426666259765625
2019-12-18,40.503334045410156,40.560001373291016,39.9466667175293,39.95333480834961
2019-12-19,39.97999954223633,40.16999816894531,39.926666259765625,40.026668548583984
2019-12-20,40.49333190917969,40.706668853759766,40.00666809082031,40.0966682434082
2019-12-23,40.06666564941406,40.22999954223633,39.66999816894531,39.676666259765625
2019-12-24,39.709999084472656,39.866668701171875,39.66999816894531,39.836666107177734
2019-12-26,39.869998931884766,39.95000076293945,39.650001525878906,39.84000015258789
2019-12-27,39.97999954223633,39.97999954223633,39.75,39.86333465576172
2019-12-30,39.93333435058594,39.936668395996094,39.709999084472656,39.79999923706055
2019-12-31,39.83333206176758,39.93333435058594,39.39666748046875,39.61333465576172
2020-01-02,39.619998931884766,39.96333312988281,39.56666564941406,39.64666748046875
2020-01-03,39.42333221435547,39.5966682434082,39.1966667175293,39.29666519165039
2020-01-06,39.133331298828125,39.36333465576172,38.92333221435547,39.21666717529297
2020-01-07,39.086666107177734,39.17333221435547,38.733333587646484,38.85333251953125
2020-01-08,38.766666412353516,38.90999984741211,38.560001373291016,38.720001220703125
2020-01-09,38.71666717529297,39.12333297729492,38.69333267211914,39.119998931884766
2020-01-10,39.08000183105469,39.11333465576172,38.65999984741211,38.793331146240234
2020-01-13,38.793331146240234,38.849998474121094,38.456668853759766,38.62666702270508
2020-01-14,38.4900016784668,38.73666763305664,38.37666702270508,38.72666549682617
2020-01-15,38.209999084472656,38.62333297729492,38.17333221435547,38.426666259765625
2020-01-16,38.5,38.643333435058594,38.426666259765625,38.633331298828125
2020-01-17,38.68333435058594,38.766666412353516,38.21333312988281,38.31999969482422
2020-01-21,38.1966667175293,38.563331604003906,38.17333221435547,38.529998779296875
2020-01-22,38.40666580200195,38.84333419799805,38.393333435058594,38.70000076293945
2020-01-23,38.73666763305664,38.77000045776367,38.3466682434082,38.60333251953125
2020-01-24,38.66666793823242,38.676666259765625,38.04999923706055,38.12333297729492
2020-01-27,37.72999954223633,38.74333190917969,37.560001373291016,38.619998931884766
2020-01-28,38.65999984741211,38.96666717529297,38.650001525878906,38.866668701171875
2020-01-29,38.85333251953125,39.040000915527344,38.630001068115234,38.630001068115234
2020-01-30,38.53666687011719,38.90666580200195,38.44333267211914,38.86000061035156
2020-01-31,38.599998474121094,38.753334045410156,37.96666717529297,38.163333892822266
2020-02-03,38.29999923706055,38.46333312988281,38.03333282470703,38.09000015258789
2020-02-04,38.413333892822266,38.746665954589844,38.29666519165039,38.42333221435547
2020-02-05,38.53333282470703,38.983333587646484,38.28333282470703,38.936668395996094
2020-02-06,38.94333267211914,39.07666778564453,38.686668395996094,38.77000045776367
2020-02-07,38.70333480834961,38.91999816894531,38.586666107177734,38.81666564941406
2020-02-10,38.58333206176758,38.99333190917969,38.349998474121094,38.41666793823242
2020-02-11,38.47666549682617,38.5,38.14666748046875,38.46666717529297
2020-02-12,38.5,38.80666732788086,38.470001220703125,38.616668701171875
2020-02-13,38.616668701171875,39.18000030517578,38.526668548583984,39.14666748046875
2020-02-14,39.223331451416016,39.52333450317383,39.0533332824707,39.29666519165039
2020-02-18,39.4900016784668,39.983333587646484,39.119998931884766,39.87666702270508
2020-02-19,39.83333206176758,39.97999954223633,39.22666549682617,39.22666549682617
2020-02-20,39.06999969482422,39.369998931884766,38.95333480834961,39.22999954223633
2020-02-21,39.14666748046875,39.58333206176758,39.10333251953125,39.526668548583984
2020-02-24,39.1533317565918,39.48666763305664,38.650001525878906,38.77333450317383
2020-02-25,38.78333282470703,39.02333450317383,38.016666412353516,38.130001068115234
2020-02-26,38.233333587646484,38.38999938964844,37.883331298828125,37.926666259765625
2020-02-27,37.52000045776367,38.02333450317383,36.78333282470703,36.79999923706055
2020-02-28,35.89666748046875,36.17333221435547,34.790000915527344,35.893333435058594
2020-03-02,35.866668701171875,38.79999923706055,35.76333236694336,38.62666702270508
2020-03-03,38.69333267211914,39.176666259765625,37.4466667175293,37.63666534423828
2020-03-04,38.08000183105469,38.9466667175293,37.823333740234375,38.92333221435547
2020-03-05,38.133331298828125,39.08333206176758,37.970001220703125,38.63999938964844
2020-03-06,37.956668853759766,39.3033332824707,37.66999816894531,39.07666778564453
2020-03-09,37.939998626708984,40.209999084472656,37.57666778564453,39.0533332824707
2020-03-10,39.366668701171875,40.22666549682617,38.30666732788086,39.93000030517578
2020-03-11,39.16999816894531,39.676666259765625,37.599998474121094,38.143333435058594
2020-03-12,35.34000015258789,37.163333892822266,34.32666778564453,34.68333435058594
2020-03-13,36.08000183105469,38.1966667175293,34.62666702270508,38.03333282470703
2020-03-16,35.06666564941406,37.11000061035156,34.0,35.586666107177734
2020-03-17,37.59000015258789,39.75666809082031,36.81999969482422,39.753334045410156
2020-03-18,38.33333206176758,42.69333267211914,38.16666793823242,40.86000061035156
2020-03-19,41.48666763305664,42.33333206176758,39.209999084472656,39.81666564941406
2020-03-20,39.83333206176758,40.93000030517578,37.29666519165039,37.9900016784668
2020-03-23,38.05666732788086,39.18000030517578,37.4033317565918,38.09333419799805
2020-03-24,38.62333297729492,39.12333297729492,37.10333251953125,38.34333419799805
2020-03-25,37.65666580200195,38.0,36.016666412353516,36.46666717529297
2020-03-26,36.46666717529297,36.956668853759766,35.616668701171875,36.606666564941406
2020-03-27,36.70333480834961,37.426666259765625,36.20000076293945,36.526668548583984
2020-03-30,37.28666687011719,38.599998474121094,36.97999954223633,38.39666748046875
2020-03-31,38.10333251953125,38.72999954223633,37.54666519165039,37.87333297729492
2020-04-01,37.383331298828125,38.5099983215332,37.266666412353516,38.04666519165039
2020-04-02,37.72666549682617,39.70333480834961,37.4466667175293,39.54999923706055
2020-04-03,39.06999969482422,39.970001220703125,39.0099983215332,39.82666778564453
2020-04-06,39.686668395996094,42.130001068115234,39.64666748046875,42.02333450317383
2020-04-07,41.32666778564453,42.163333892822266,40.54666519165039,40.663333892822266
2020-04-08,41.22999954223633,41.27000045776367,40.1966667175293,40.61333465576172
2020-04-09,39.40666580200195,40.956668853759766,39.220001220703125,40.599998474121094
2020-04-13,40.42333221435547,41.88999938964844,40.38999938964844,41.766666412353516
2020-04-14,42.366668701171875,43.26333236694336,42.01333236694336,43.0
2020-04-15,43.0,43.293331146240234,42.37333297729492,42.91999816894531
2020-04-16,43.0,44.30666732788086,42.75,44.11000061035156
2020-04-17,43.82666778564453,44.323333740234375,43.24333190917969,44.040000915527344
2020-04-20,44.130001068115234,44.459999084472656,43.253334045410156,43.28333282470703
2020-04-21,43.356666564941406,43.676666259765625,42.720001220703125,43.06999969482422
2020-04-22,43.33333206176758,44.12666702270508,42.96666717529297,43.86333465576172
2020-04-23,43.28333282470703,43.6966667175293,42.57666778564453,42.84333419799805
2020-04-24,43.116668701171875,43.29666519165039,42.85333251953125,43.14666748046875
2020-04-27,43.33333206176758,43.436668395996094,42.723331451416016,42.766666412353516
2020-04-28,42.7599983215332,43.413333892822266,42.56666564941406,42.66666793823242
2020-04-29,41.856666564941406,41.91999816894531,40.849998474121094,41.20000076293945
2020-04-30,41.026668548583984,41.14666748046875,40.3466682434082,40.516666412353516
2020-05-01,40.49333190917969,41.22999954223633,40.2599983215332,40.973331451416016
2020-05-04,41.279998779296875,41.46666717529297,40.56999969482422,41.233333587646484
2020-05-05,41.266666412353516,41.753334045410156,41.086666107177734,41.57666778564453
2020-05-06,41.73666763305664,41.83000183105469,40.95000076293945,41.099998474121094
2020-05-07,41.1533317565918,41.32666778564453,40.5,40.630001068115234
2020-05-08,40.91666793823242,41.003334045410156,40.540000915527344,40.97999954223633
2020-05-11,41.01333236694336,41.436668395996094,41.003334045410156,41.223331451416016
2020-05-12,41.49333190917969,41.88666534423828,41.2599983215332,41.2599983215332
2020-05-13,41.16666793823242,42.08000183105469,41.029998779296875,41.23666763305664
2020-05-14,41.616668701171875,41.709999084472656,40.43333435058594,41.13999938964844
2020-05-15,41.15666580200195,41.97999954223633,41.029998779296875,41.97999954223633
2020-05-18,42.5,42.85333251953125,42.03333282470703,42.5533332824707
2020-05-19,43.91666793823242,43.996665954589844,41.60333251953125,41.650001525878906
2020-05-20,42.163333892822266,42.1966667175293,41.543331146240234,41.81666564941406
2020-05-21,41.630001068115234,42.04666519165039,41.41666793823242,41.663333892822266
2020-05-22,41.70000076293945,41.78333282470703,41.25666809082031,41.44333267211914
2020-05-26,41.4466667175293,41.836666107177734,41.209999084472656,41.28666687011719
2020-05-27,41.323333740234375,41.496665954589844,40.34333419799805,40.82666778564453
2020-05-28,41.2400016784668,41.650001525878906,41.0533332824707,41.22999954223633
2020-05-29,41.413333892822266,41.56999969482422,40.643333435058594,41.35333251953125
2020-06-01,41.14666748046875,41.470001220703125,40.78666687011719,41.31999969482422
2020-06-02,41.1966667175293,41.383331298828125,40.936668395996094,41.313331604003906
2020-06-03,41.29999923706055,41.33000183105469,40.88666534423828,41.15666580200195
2020-06-04,40.93333435058594,41.29666519165039,40.606666564941406,40.70333480834961
2020-06-05,40.856666564941406,40.893333435058594,39.970001220703125,40.52000045776367
2020-06-08,39.86000061035156,40.413333892822266,39.81999969482422,40.413333892822266
2020-06-09,40.53333282470703,40.66666793823242,40.186668395996094,40.45000076293945
2020-06-10,40.52000045776367,40.83333206176758,40.37666702270508,40.38666534423828
2020-06-11,40.33000183105469,40.86000061035156,39.82666778564453,40.029998779296875
2020-06-12,40.16999816894531,40.25,39.02000045776367,39.246665954589844
2020-06-15,39.46666717529297,39.560001373291016,39.003334045410156,39.36000061035156
2020-06-16,39.93333435058594,40.07666778564453,39.51333236694336,39.883331298828125
2020-06-17,39.95333480834961,40.043331146240234,39.46666717529297,39.676666259765625
2020-06-18,39.51333236694336,39.686668395996094,39.220001220703125,39.33000183105469
2020-06-19,39.630001068115234,40.099998474121094,39.25,39.95000076293945
2020-06-22,40.323333740234375,40.6966667175293,40.133331298828125,40.560001373291016
2020-06-23,40.91666793823242,40.95000076293945,40.31999969482422,40.356666564941406
2020-06-24,40.246665954589844,40.37333297729492,39.86000061035156,40.099998474121094
2020-06-25,39.91999816894531,40.0533332824707,39.459999084472656,39.9033317565918
2020-06-26,39.866668701171875,40.279998779296875,39.34000015258789,39.439998626708984
2020-06-29,39.5,39.893333435058594,39.40666580200195,39.686668395996094
2020-06-30,39.7400016784668,40.043331146240234,39.51333236694336,39.926666259765625
2020-07-01,39.81666564941406,39.973331451416016,39.5533332824707,39.89666748046875
2020-07-02,40.029998779296875,40.293331146240234,39.619998931884766,39.73666763305664
2020-07-06,39.93333435058594,39.956668853759766,39.40666580200195,39.630001068115234
2020-07-07,39.483333587646484,42.516666412353516,39.40666580200195,42.31666564941406
2020-07-08,42.66666793823242,42.709999084472656,41.46666717529297,41.47999954223633
2020-07-09,41.869998931884766,42.72666549682617,41.650001525878906,42.58333206176758
2020-07-10,42.913333892822266,43.790000915527344,42.41999816894531,43.560001373291016
2020-07-13,43.776668548583984,44.543331146240234,42.96333312988281,43.17333221435547
2020-07-14,43.09333419799805,44.16666793823242,43.0099983215332,44.003334045410156
2020-07-15,44.09000015258789,44.709999084472656,43.599998474121094,44.0
2020-07-16,44.016666412353516,44.24333190917969,43.746665954589844,44.06666564941406
2020-07-17,44.456668853759766,44.456668853759766,43.823333740234375,43.913333892822266
2020-07-20,43.98666763305664,44.246665954589844,43.71333312988281,43.823333740234375
2020-07-21,43.85333251953125,44.663333892822266,43.81666564941406,44.11000061035156
2020-07-22,44.189998626708984,44.34333419799805,43.72999954223633,44.220001220703125
2020-07-23,44.33333206176758,44.383331298828125,43.77000045776367,43.880001068115234
2020-07-24,43.650001525878906,44.133331298828125,43.503334045410156,43.746665954589844
2020-07-27,43.619998931884766,43.99333190917969,43.619998931884766,43.73666763305664
2020-07-28,43.83333206176758,44.12666702270508,43.63999938964844,43.91999816894531
2020-07-29,43.85333251953125,43.95333480834961,43.28333282470703,43.563331604003906
2020-07-30,43.13999938964844,43.473331451416016,42.90666580200195,43.37333297729492
2020-07-31,43.21666717529297,43.36333465576172,42.540000915527344,43.133331298828125
2020-08-03,43.3033332824707,43.37333297729492,42.75666809082031,43.099998474121094
2020-08-04,43.21666717529297,43.9033317565918,42.97999954223633,43.880001068115234
2020-08-05,43.483333587646484,43.58333206176758,42.94333267211914,43.27000045776367
2020-08-06,43.043331146240234,43.40999984741211,43.0099983215332,43.116668701171875
2020-08-07,43.19333267211914,43.48666763305664,43.03666687011719,43.323333740234375
2020-08-10,43.413333892822266,44.11333465576172,43.21666717529297,43.959999084472656
2020-08-11,44.1966667175293,44.290000915527344,43.24333190917969,43.400001525878906
2020-08-12,43.4900016784668,44.07666778564453,43.026668548583984,43.96333312988281
2020-08-13,43.73666763305664,43.98666763305664,43.57666778564453,43.95000076293945
2020-08-14,44.11333465576172,44.323333740234375,43.87666702270508,44.20000076293945
2020-08-17,44.78333282470703,45.37666702270508,44.616668701171875,45.20000076293945
2020-08-18,45.38999938964844,45.87666702270508,44.38999938964844,44.9033317565918
2020-08-19,44.73666763305664,44.88666534423828,43.95000076293945,44.13666534423828
2020-08-20,43.73666763305664,44.02333450317383,43.349998474121094,43.52333450317383
2020-08-21,43.516666412353516,44.223331451416016,43.366668701171875,43.87666702270508
2020-08-24,44.08333206176758,44.15999984741211,43.44333267211914,43.776668548583984
2020-08-25,43.599998474121094,43.746665954589844,43.223331451416016,43.543331146240234
2020-08-26,43.4033317565918,43.62666702270508,43.233333587646484,43.56666564941406
2020-08-27,43.69333267211914,46.45000076293945,43.633331298828125,45.543331146240234
2020-08-28,47.0,47.02333450317383,45.9466667175293,46.766666412353516
2020-08-31,45.82666778564453,46.29666519165039,45.176666259765625,46.28333282470703
2020-09-01,47.06666564941406,49.86333465576172,46.68333435058594,49.1966667175293
2020-09-02,50.41666793823242,50.44333267211914,48.53666687011719,49.22666549682617
2020-09-03,48.900001525878906,49.866668701171875,47.27000045776367,48.18000030517578
2020-09-04,48.00666809082031,48.3466682434082,46.70000076293945,47.61000061035156
2020-09-08,47.13666534423828,47.29999923706055,46.086666107177734,46.150001525878906
2020-09-09,46.6966667175293,47.53666687011719,46.483333587646484,46.630001068115234
2020-09-10,46.686668395996094,46.8466682434082,45.529998779296875,45.60333251953125
2020-09-11,45.68333435058594,46.14666748046875,45.18333435058594,45.56666564941406
2020-09-14,45.380001068115234,47.03333282470703,45.293331146240234,45.77333450317383
2020-09-15,46.07666778564453,46.36000061035156,45.560001373291016,45.78666687011719
2020-09-16,46.13666534423828,46.22666549682617,45.349998474121094,45.41999816894531
2020-09-17,45.143333435058594,45.856666564941406,45.00666809082031,45.563331604003906
2020-09-18,45.47999954223633,45.84333419799805,44.91666793823242,45.0966682434082
2020-09-21,45.5,45.746665954589844,45.0966682434082,45.689998626708984
2020-09-22,45.689998626708984,46.33000183105469,45.52333450317383,46.10333251953125
2020-09-23,46.33333206176758,46.413333892822266,45.27333450317383,45.33000183105469
2020-09-24,45.24333190917969,45.93000030517578,45.02333450317383,45.56666564941406
2020-09-25,45.50666809082031,45.8466682434082,45.31999969482422,45.75666809082031
2020-09-28,45.720001220703125,46.016666412353516,45.573333740234375,45.75
2020-09-29,45.75,46.04666519165039,45.46333312988281,45.71333312988281
2020-09-30,45.79666519165039,47.246665954589844,45.733333587646484,46.63666534423828
2020-10-01,46.93333435058594,48.12666702270508,46.753334045410156,47.69333267211914
2020-10-02,47.4466667175293,47.70000076293945,46.709999084472656,46.83333206176758
2020-10-05,47.0966682434082,47.39666748046875,47.02333450317383,47.266666412353516
2020-10-06,47.290000915527344,47.64666748046875,46.75,46.87666702270508
2020-10-07,47.086666107177734,47.18333435058594,46.75,46.96333312988281
2020-10-08,47.16999816894531,47.36333465576172,47.040000915527344,47.119998931884766
2020-10-09,47.220001220703125,47.779998779296875,47.186668395996094,47.59333419799805
2020-10-12,47.67333221435547,48.46333312988281,47.67333221435547,48.08333206176758
2020-10-13,48.22666549682617,48.866668701171875,48.119998931884766,48.74333190917969
2020-10-14,48.79999923706055,48.84333419799805,47.91999816894531,47.97999954223633
2020-10-15,47.6966667175293,48.31999969482422,47.61333465576172,48.176666259765625
2020-10-16,48.46666717529297,48.71666717529297,48.15666580200195,48.23666763305664
2020-10-19,48.366668701171875,48.456668853759766,47.58333206176758,47.650001525878906
2020-10-20,48.03666687011719,48.5099983215332,47.87333297729492,47.96666717529297
2020-10-21,47.9466667175293,48.57666778564453,47.9466667175293,48.133331298828125
2020-10-22,48.063331604003906,48.186668395996094,47.563331604003906,47.849998474121094
2020-10-23,47.9900016784668,48.04666519165039,47.616668701171875,47.95000076293945
2020-10-26,47.61333465576172,47.706668853759766,46.97999954223633,47.38666534423828
2020-10-27,47.349998474121094,47.900001525878906,47.323333740234375,47.62333297729492
2020-10-28,46.98666763305664,47.37666702270508,46.62666702270508,46.68000030517578
2020-10-29,46.66666793823242,47.03666687011719,46.233333587646484,46.63999938964844
2020-10-30,46.393333435058594,46.6966667175293,45.790000915527344,46.25
2020-11-02,46.86333465576172,46.936668395996094,46.34333419799805,46.79999923706055
2020-11-03,47.21666717529297,48.0533332824707,47.189998626708984,47.59333419799805
2020-11-04,47.189998626708984,48.130001068115234,47.11333465576172,47.31999969482422
2020-11-05,48.0,48.07666778564453,47.64666748046875,47.823333740234375
2020-11-06,48.119998931884766,48.7400016784668,47.849998474121094,48.59000015258789
2020-11-09,49.33333206176758,49.400001525878906,47.82666778564453,47.8466682434082
2020-11-10,47.91666793823242,48.813331604003906,47.84333419799805,48.52000045776367
2020-11-11,48.973331451416016,49.6533317565918,48.79999923706055,49.32666778564453
2020-11-12,49.49333190917969,49.56999969482422,49.03333282470703,49.40999984741211
2020-11-13,49.64666748046875,50.313331604003906,49.17333221435547,50.18000030517578
2020-11-16,50.176666259765625,51.133331298828125,49.7599983215332,50.813331604003906
2020-11-17,50.16666793823242,51.08000183105469,49.72666549682617,49.790000915527344
2020-11-18,49.95333480834961,50.55666732788086,49.68333435058594,49.6966667175293
2020-11-19,49.81999969482422,50.81666564941406,49.77333450317383,50.706668853759766
2020-11-20,50.38999938964844,50.91999816894531,49.936668395996094,50.08000183105469
2020-11-23,50.12333297729492,50.46666717529297,49.790000915527344,50.310001373291016
2020-11-24,50.58000183105469,50.65999984741211,50.09000015258789,50.45333480834961
2020-11-25,50.41666793823242,50.79666519165039,50.4033317565918,50.61000061035156
2020-11-27,50.71666717529297,50.90666580200195,50.366668701171875,50.53333282470703
2020-11-30,50.53333282470703,50.983333587646484,50.03333282470703,50.93000030517578
2020-12-01,51.20000076293945,51.220001220703125,50.5533332824707,50.880001068115234
2020-12-02,50.66666793823242,50.87333297729492,49.84333419799805,50.17333221435547
2020-12-03,50.09333419799805,50.09333419799805,49.46333312988281,49.766666412353516
2020-12-04,49.836666107177734,49.836666107177734,49.19333267211914,49.63666534423828
2020-12-07,49.48666763305664,49.663333892822266,49.0533332824707,49.369998931884766
2020-12-08,49.119998931884766,49.95000076293945,49.060001373291016,49.81666564941406
2020-12-09,50.0,50.0,49.29666519165039,49.42333221435547
2020-12-10,49.25,49.383331298828125,48.856666564941406,49.01333236694336
2020-12-11,48.973331451416016,49.16999816894531,48.64666748046875,49.0
2020-12-14,49.233333587646484,49.2400016784668,48.46666717529297,48.54999923706055
2020-12-15,48.50666809082031,48.78666687011719,48.28666687011719,48.526668548583984
2020-12-16,48.746665954589844,48.96333312988281,48.36000061035156,48.47666549682617
2020-12-17,48.686668395996094,48.813331604003906,48.383331298828125,48.70000076293945
2020-12-18,48.87333297729492,49.060001373291016,48.38666534423828,48.650001525878906
2020-12-21,48.5,48.88999938964844,48.35333251953125,48.65666580200195
2020-12-22,48.383331298828125,48.74333190917969,47.71333312988281,48.06666564941406
2020-12-23,47.8466682434082,48.073333740234375,47.43333435058594,47.7400016784668
2020-12-24,47.8466682434082,48.130001068115234,47.72666549682617,47.83333206176758
2020-12-28,48.01333236694336,48.43333435058594,47.776668548583984,48.40666580200195
2020-12-29,48.54666519165039,48.616668701171875,47.86333465576172,48.099998474121094
2020-12-30,48.293331146240234,48.383331298828125,47.97999954223633,48.060001373291016
2020-12-31,48.06666564941406,48.09000015258789,47.616668701171875,48.04999923706055
2021-01-04,48.099998474121094,48.96333312988281,48.09333419799805,48.84333419799805
2021-01-05,48.866668701171875,49.02333450317383,48.163333892822266,48.58333206176758
2021-01-06,48.36333465576172,49.366668701171875,48.336666107177734,48.88666534423828
2021-01-07,49.206668853759766,49.253334045410156,48.68000030517578,48.883331298828125
2021-01-08,48.959999084472656,49.0,48.60333251953125,48.87666702270508
2021-01-11,48.66666793823242,49.33000183105469,48.66666793823242,49.0966682434082
2021-01-12,49.66666793823242,49.97666549682617,49.439998626708984,49.65666580200195
2021-01-13,49.58333206176758,49.689998626708984,49.143333435058594,49.150001525878906
2021-01-14,49.27333450317383,49.33333206176758,48.68000030517578,48.9900016784668
2021-01-15,48.380001068115234,48.633331298828125,47.88999938964844,48.21333312988281
2021-01-19,48.21333312988281,48.356666564941406,47.55666732788086,47.79666519165039
2021-01-20,47.86333465576172,48.5533332824707,47.630001068115234,48.503334045410156
2021-01-21,48.45333480834961,48.57666778564453,48.06999969482422,48.28333282470703
2021-01-22,48.53333282470703,49.11333465576172,48.37333297729492,48.776668548583984
2021-01-25,48.45333480834961,48.75,48.09000015258789,48.733333587646484
2021-01-26,48.543331146240234,49.27000045776367,48.4900016784668,49.16999816894531
2021-01-27,48.98666763305664,49.28666687011719,47.849998474121094,47.9466667175293
2021-01-28,48.1533317565918,48.753334045410156,47.87666702270508,47.91666793823242
2021-01-29,47.72666549682617,47.91666793823242,46.78333282470703,46.83000183105469
2021-02-01,46.970001220703125,47.163333892822266,46.39666748046875,46.42333221435547
2021-02-02,46.586666107177734,47.383331298828125,46.47999954223633,46.92333221435547
2021-02-03,46.88666534423828,47.349998474121094,46.87666702270508,47.06666564941406
2021-02-04,47.26333236694336,47.72666549682617,47.086666107177734,47.5099983215332
2021-02-05,47.81999969482422,48.28333282470703,47.5099983215332,48.119998931884766
2021-02-08,48.27000045776367,48.526668548583984,48.1533317565918,48.34333419799805
2021-02-09,48.19333267211914,48.77333450317383,48.19333267211914,48.61000061035156
2021-02-10,48.61000061035156,48.633331298828125,47.8466682434082,48.043331146240234
2021-02-11,48.04666519165039,48.31666564941406,47.9033317565918,48.00666809082031
2021-02-12,48.0533332824707,48.20333480834961,47.88999938964844,48.15666580200195
2021-02-16,48.64666748046875,48.79666519165039,48.310001373291016,48.5533332824707
2021-02-17,48.21666717529297,49.16666793823242,48.16666793823242,49.06666564941406
2021-02-18,46.33333206176758,46.900001525878906,45.83333206176758,45.88666534423828
2021-02-19,45.93333435058594,46.473331451416016,45.88999938964844,46.11333465576172
2021-02-22,45.913333892822266,46.11333465576172,45.41666793823242,45.89666748046875
2021-02-23,45.70333480834961,45.79666519165039,45.02000045776367,45.15666580200195
2021-02-24,45.290000915527344,45.38666534423828,44.349998474121094,44.4033317565918
2021-02-25,44.366668701171875,44.66999816894531,43.82666778564453,43.983333587646484
2021-02-26,43.82666778564453,43.936668395996094,43.28666687011719,43.30666732788086
2021-03-01,43.86000061035156,44.189998626708984,43.709999084472656,43.790000915527344
2021-03-02,43.836666107177734,44.25,43.336666107177734,43.369998931884766
2021-03-03,43.16666793823242,43.310001373291016,42.516666412353516,42.529998779296875
2021-03-04,42.619998931884766,43.19333267211914,42.09333419799805,42.5099983215332
2021-03-05,42.276668548583984,43.25,42.25,43.040000915527344
2021-03-08,43.11000061035156,43.279998779296875,42.60333251953125,42.62666702270508
2021-03-09,42.93333435058594,43.293331146240234,42.77333450317383,42.96333312988281
2021-03-10,42.95333480834961,44.349998474121094,42.823333740234375,44.060001373291016
2021-03-11,44.45333480834961,44.496665954589844,43.84333419799805,44.043331146240234
2021-03-12,44.17333221435547,44.84000015258789,44.026668548583984,44.706668853759766
2021-03-15,44.913333892822266,44.91666793823242,44.27333450317383,44.47666549682617
2021-03-16,44.27333450317383,44.7599983215332,44.27333450317383,44.46333312988281
2021-03-17,44.16666793823242,44.380001068115234,43.99333190917969,44.09333419799805
2021-03-18,43.720001220703125,43.983333587646484,43.310001373291016,43.336666107177734
2021-03-19,43.37666702270508,44.16666793823242,43.29999923706055,43.913333892822266
2021-03-22,43.66666793823242,44.150001525878906,43.663333892822266,44.12333297729492
2021-03-23,43.9033317565918,44.766666412353516,43.87666702270508,44.64666748046875
2021-03-24,44.810001373291016,44.810001373291016,44.349998474121094,44.369998931884766
2021-03-25,44.41999816894531,44.84333419799805,44.290000915527344,44.66999816894531
2021-03-26,44.66666793823242,45.06666564941406,44.473331451416016,45.043331146240234
2021-03-29,45.0,45.66999816894531,44.866668701171875,45.55666732788086
2021-03-30,45.44333267211914,45.86333465576172,45.15666580200195,45.246665954589844
2021-03-31,45.18333435058594,45.619998931884766,44.98666763305664,45.276668548583984
2021-04-01,45.313331604003906,45.630001068115234,45.11000061035156,45.206668853759766
2021-04-05,45.573333740234375,46.720001220703125,45.400001525878906,46.47666549682617
2021-04-06,46.369998931884766,46.983333587646484,46.17333221435547,46.70000076293945
2021-04-07,46.766666412353516,46.91666793823242,46.54999923706055,46.599998474121094
2021-04-08,46.81666564941406,47.040000915527344,46.5533332824707,46.56999969482422
2021-04-09,46.543331146240234,46.6966667175293,46.23666763305664,46.59333419799805
2021-04-12,46.689998626708984,46.793331146240234,46.4466667175293,46.599998474121094
2021-04-13,46.599998474121094,46.66666793823242,46.290000915527344,46.456668853759766
2021-04-14,46.37333297729492,46.48666763305664,46.13999938964844,46.439998626708984
2021-04-15,46.46666717529297,46.823333740234375,46.400001525878906,46.720001220703125
2021-04-16,46.96333312988281,46.98666763305664,46.56999969482422,46.869998931884766
2021-04-19,46.76333236694336,46.856666564941406,46.53666687011719,46.56999969482422
2021-04-20,46.473331451416016,47.25666809082031,46.27333450317383,46.93000030517578
2021-04-21,46.92333221435547,47.233333587646484,46.84333419799805,47.06666564941406
2021-04-22,47.026668548583984,47.150001525878906,46.473331451416016,46.55666732788086
2021-04-23,46.366668701171875,46.779998779296875,46.34333419799805,46.633331298828125
2021-04-26,46.63666534423828,46.66666793823242,45.880001068115234,45.970001220703125
2021-04-27,46.0,46.31666564941406,45.849998474121094,46.12666702270508
2021-04-28,46.116668701171875,46.1966667175293,45.956668853759766,45.96333312988281
2021-04-29,45.96666717529297,46.66666793823242,45.96666717529297,46.543331146240234
2021-04-30,46.56999969482422,46.663333892822266,46.369998931884766,46.63666534423828
2021-05-03,46.560001373291016,47.58000183105469,46.560001373291016,47.37333297729492
2021-05-04,47.18000030517578,47.34333419799805,46.70000076293945,46.90666580200195
2021-05-05,46.9033317565918,47.06666564941406,46.75,46.866668701171875
2021-05-06,46.66666793823242,47.119998931884766,46.483333587646484,47.016666412353516
2021-05-07,47.209999084472656,47.2400016784668,46.439998626708984,46.733333587646484
2021-05-10,46.81666564941406,47.36000061035156,46.77000045776367,46.939998626708984
2021-05-11,46.956668853759766,46.956668853759766,46.106666564941406,46.516666412353516
2021-05-12,46.290000915527344,46.32666778564453,45.3033332824707,45.313331604003906
2021-05-13,45.40999984741211,46.32666778564453,45.253334045410156,46.08000183105469
2021-05-14,46.27000045776367,46.746665954589844,46.143333435058594,46.50666809082031
2021-05-17,46.66666793823242,46.79999923706055,46.25666809082031,46.29666519165039
2021-05-18,47.836666107177734,48.19333267211914,47.06999969482422,47.3033332824707
2021-05-19,46.9033317565918,47.90666580200195,46.83333206176758,47.30666732788086
2021-05-20,47.16666793823242,47.62333297729492,46.900001525878906,47.473331451416016
2021-05-21,47.50666809082031,47.69333267211914,47.20000076293945,47.25
2021-05-24,47.253334045410156,47.473331451416016,47.119998931884766,47.253334045410156
2021-05-25,47.266666412353516,47.54666519165039,47.02333450317383,47.4466667175293
2021-05-26,47.46333312988281,47.62666702270508,47.253334045410156,47.38999938964844
2021-05-27,47.78333282470703,47.893333435058594,47.22999954223633,47.22999954223633
2021-05-28,47.310001373291016,47.483333587646484,47.21333312988281,47.34333419799805
2021-06-01,47.4033317565918,47.599998474121094,47.09000015258789,47.220001220703125
2021-06-02,47.130001068115234,47.23666763305664,46.6966667175293,47.116668701171875
2021-06-03,47.130001068115234,47.28333282470703,46.91666793823242,47.20000076293945
2021-06-04,47.1533317565918,47.43000030517578,47.08333206176758,47.28333282470703
2021-06-07,47.28333282470703,47.323333740234375,46.79666519165039,46.96666717529297
2021-06-08,46.836666107177734,46.96666717529297,46.60333251953125,46.61000061035156
2021-06-09,46.4466667175293,46.66999816894531,46.34333419799805,46.36000061035156
2021-06-10,46.36000061035156,46.72999954223633,46.36000061035156,46.62666702270508
2021-06-11,46.74333190917969,46.95000076293945,46.619998931884766,46.91666793823242
2021-06-14,46.97666549682617,46.97666549682617,46.676666259765625,46.85333251953125
2021-06-15,46.9466667175293,46.970001220703125,46.5533332824707,46.66666793823242
2021-06-16,46.616668701171875,46.68000030517578,45.65666580200195,45.71666717529297
2021-06-17,45.66666793823242,46.116668701171875,45.56999969482422,45.90666580200195
2021-06-18,45.14666748046875,45.46333312988281,44.79999923706055,45.05666732788086
2021-06-21,45.220001220703125,45.58333206176758,45.116668701171875,45.46666717529297
2021-06-22,45.40999984741211,45.90666580200195,45.40999984741211,45.676666259765625
2021-06-23,45.5,45.663333892822266,45.310001373291016,45.31999969482422
2021-06-24,45.38999938964844,45.746665954589844,45.366668701171875,45.63666534423828
2021-06-25,45.709999084472656,46.28666687011719,45.63999938964844,46.176666259765625
2021-06-28,46.01333236694336,46.21333312988281,45.53333282470703,46.03333282470703
2021-06-29,45.96666717529297,46.15666580200195,45.74333190917969,45.766666412353516
2021-06-30,46.52000045776367,47.526668548583984,46.22999954223633,47.00666809082031
2021-07-01,46.8033332824707,47.08333206176758,46.336666107177734,46.439998626708984
2021-07-02,46.45000076293945,47.026668548583984,46.45000076293945,46.70333480834961
2021-07-06,46.633331298828125,46.91666793823242,46.503334045410156,46.64666748046875
2021-07-07,46.586666107177734,47.063331604003906,46.45333480834961,46.56999969482422
2021-07-08,46.11333465576172,46.883331298828125,46.073333740234375,46.529998779296875
2021-07-09,46.8033332824707,46.9466667175293,46.643333435058594,46.766666412353516
2021-07-12,46.89666748046875,46.93000030517578,46.44333267211914,46.68333435058594
2021-07-13,46.663333892822266,47.060001373291016,46.64666748046875,46.86000061035156
2021-07-14,46.9033317565918,47.266666412353516,46.61000061035156,47.18333435058594
2021-07-15,47.33333206176758,47.54666519165039,47.029998779296875,47.220001220703125
2021-07-16,47.233333587646484,47.37666702270508,46.983333587646484,47.186668395996094
2021-07-19,47.13666534423828,47.65999984741211,46.59000015258789,47.07666778564453
2021-07-20,46.9900016784668,47.4900016784668,46.926666259765625,47.290000915527344
2021-07-21,47.5,47.51333236694336,46.9033317565918,47.05666732788086
2021-07-22,47.043331146240234,47.37333297729492,46.93333435058594,47.09000015258789
2021-07-23,47.17333221435547,47.573333740234375,47.003334045410156,47.47666549682617
2021-07-26,47.45333480834961,47.95333480834961,47.1533317565918,47.543331146240234
2021-07-27,47.66666793823242,47.66666793823242,47.31999969482422,47.54666519165039
2021-07-28,47.49333190917969,47.75,47.220001220703125,47.35333251953125
2021-07-29,47.54666519165039,47.616668701171875,47.34000015258789,47.413333892822266
2021-07-30,47.06666564941406,47.6533317565918,47.06666564941406,47.516666412353516
2021-08-02,47.61000061035156,47.62333297729492,47.223331451416016,47.40666580200195
2021-08-03,47.47999954223633,47.96666717529297,47.45333480834961,47.939998626708984
2021-08-04,47.793331146240234,47.97999954223633,47.58000183105469,47.61333465576172
2021-08-05,48.07666778564453,48.51333236694336,47.996665954589844,48.496665954589844
2021-08-06,48.73666763305664,48.823333740234375,48.31666564941406,48.40999984741211
2021-08-09,48.63666534423828,48.82666778564453,48.46666717529297,48.526668548583984
2021-08-10,48.9900016784668,49.650001525878906,48.75,49.560001373291016
2021-08-11,49.836666107177734,50.526668548583984,49.720001220703125,50.003334045410156
2021-08-12,49.66666793823242,50.06999969482422,49.60333251953125,49.686668395996094
2021-08-13,49.793331146240234,50.119998931884766,49.720001220703125,49.84333419799805
2021-08-16,49.893333435058594,50.57666778564453,49.68000030517578,50.25
2021-08-17,50.133331298828125,50.83333206176758,49.70000076293945,50.233333587646484
2021-08-18,50.18333435058594,50.856666564941406,49.67333221435547,49.70000076293945
2021-08-19,49.44333267211914,50.220001220703125,49.33333206176758,50.03666687011719
2021-08-20,50.15999984741211,50.573333740234375,49.91666793823242,50.483333587646484
2021-08-23,50.5099983215332,50.5966682434082,50.13666534423828,50.150001525878906
2021-08-24,50.16666793823242,50.16666793823242,49.56666564941406,49.633331298828125
2021-08-25,49.470001220703125,49.7599983215332,49.34333419799805,49.6533317565918
2021-08-26,49.15666580200195,49.42333221435547,48.88999938964844,49.116668701171875
2021-08-27,49.16999816894531,49.22999954223633,48.72666549682617,48.84000015258789
2021-08-30,48.80666732788086,49.33333206176758,48.67333221435547,49.233333587646484
2021-08-31,49.33000183105469,49.47999954223633,49.08000183105469,49.366668701171875
2021-09-01,49.186668395996094,49.310001373291016,48.856666564941406,49.2599983215332
2021-09-02,49.37333297729492,49.5966682434082,49.22999954223633,49.52000045776367
2021-09-03,49.400001525878906,49.883331298828125,49.29999923706055,49.75
2021-09-07,49.65666580200195,49.723331451416016,49.02000045776367,49.09000015258789
2021-09-08,48.983333587646484,49.439998626708984,48.90999984741211,49.1533317565918
2021-09-09,49.1533317565918,49.20333480834961,48.61333465576172,48.80666732788086
2021-09-10,49.06666564941406,49.08000183105469,48.47666549682617,48.630001068115234
2021-09-13,48.84000015258789,49.04999923706055,48.21333312988281,48.35333251953125
2021-09-14,48.49333190917969,48.62666702270508,47.973331451416016,48.099998474121094
2021-09-15,48.02333450317383,48.25,47.93000030517578,48.18333435058594
2021-09-16,48.14666748046875,48.436668395996094,47.89666748046875,48.34333419799805
2021-09-17,48.04666519165039,48.720001220703125,48.00666809082031,48.24333190917969
2021-09-20,47.83333206176758,48.39666748046875,47.206668853759766,47.58000183105469
2021-09-21,47.56666564941406,48.19333267211914,47.55666732788086,47.67333221435547
2021-09-22,47.823333740234375,47.866668701171875,47.43000030517578,47.563331604003906
2021-09-23,47.7400016784668,47.87666702270508,47.483333587646484,47.59000015258789
2021-09-24,47.5,47.89666748046875,47.496665954589844,47.723331451416016
2021-09-27,47.62333297729492,47.849998474121094,47.279998779296875,47.41666793823242
2021-09-28,47.293331146240234,47.356666564941406,46.663333892822266,46.83333206176758
2021-09-29,46.883331298828125,47.276668548583984,46.77333450317383,46.813331604003906
2021-09-30,46.880001068115234,47.24333190917969,46.41666793823242,46.459999084472656
2021-10-01,46.41999816894531,46.543331146240234,45.30666732788086,45.68333435058594
2021-10-04,45.6966667175293,46.07666778564453,44.9033317565918,45.24333190917969
2021-10-05,45.31666564941406,45.9033317565918,45.29999923706055,45.540000915527344
2021-10-06,45.413333892822266,45.93000030517578,45.37666702270508,45.87333297729492
2021-10-07,46.2599983215332,46.900001525878906,46.253334045410156,46.413333892822266
2021-10-08,46.5533332824707,46.6966667175293,46.336666107177734,46.5533332824707
2021-10-11,46.50666809082031,46.926666259765625,46.47999954223633,46.5099983215332
2021-10-12,46.4466667175293,46.8033332824707,46.356666564941406,46.459999084472656
2021-10-13,46.5,46.66999816894531,46.043331146240234,46.12333297729492
2021-10-14,46.16666793823242,46.689998626708984,46.16666793823242,46.62333297729492
2021-10-15,46.87333297729492,47.03333282470703,46.6533317565918,46.849998474121094
2021-10-18,46.66666793823242,47.336666107177734,46.61000061035156,47.22666549682617
2021-10-19,48.209999084472656,48.53666687011719,47.88666534423828,48.22999954223633
2021-10-20,48.29666519165039,48.83000183105469,48.29666519165039,48.66666793823242
2021-10-21,48.86000061035156,48.973331451416016,48.60333251953125,48.936668395996094
2021-10-22,49.03333282470703,49.89666748046875,49.03333282470703,49.4466667175293
2021-10-25,49.59333419799805,50.17333221435547,49.336666107177734,50.02000045776367
2021-10-26,50.0,50.18333435058594,49.48666763305664,49.58333206176758
2021-10-27,49.6533317565918,49.67333221435547,49.130001068115234,49.176666259765625
2021-10-28,49.4466667175293,49.65999984741211,49.23666763305664,49.483333587646484
2021-10-29,49.3033332824707,50.03333282470703,49.186668395996094,49.80666732788086
2021-11-01,49.99333190917969,50.25,49.78333282470703,49.93000030517578
2021-11-02,49.9900016784668,50.060001373291016,49.7599983215332,49.90666580200195
2021-11-03,49.866668701171875,50.0966682434082,49.676666259765625,50.060001373291016
2021-11-04,50.060001373291016,50.616668701171875,49.94333267211914,50.426666259765625
2021-11-05,50.66666793823242,50.66666793823242,49.87333297729492,50.07666778564453
2021-11-08,50.073333740234375,50.16999816894531,49.57666778564453,49.75666809082031
2021-11-09,49.84000015258789,49.956668853759766,49.62333297729492,49.93000030517578
2021-11-10,49.57666778564453,49.87333297729492,49.32666778564453,49.47999954223633
2021-11-11,49.59000015258789,49.663333892822266,49.39666748046875,49.5
2021-11-12,49.66666793823242,49.746665954589844,49.18000030517578,49.253334045410156
2021-11-15,49.383331298828125,49.483333587646484,48.79999923706055,48.970001220703125
2021-11-16,48.366668701171875,48.893333435058594,47.43333435058594,47.723331451416016
2021-11-17,47.720001220703125,48.2400016784668,47.27333450317383,47.313331604003906
2021-11-18,47.380001068115234,47.76333236694336,46.95333480834961,47.720001220703125
2021-11-19,47.87333297729492,48.0,47.313331604003906,47.46333312988281
2021-11-22,47.5533332824707,48.45333480834961,47.33333206176758,48.2599983215332
2021-11-23,48.08333206176758,48.65999984741211,47.75,48.60333251953125
2021-11-24,48.57666778564453,49.02000045776367,48.54666519165039,48.8466682434082
2021-11-26,48.813331604003906,49.293331146240234,48.13999938964844,48.29999923706055
2021-11-29,48.33333206176758,48.41666793823242,47.40999984741211,47.543331146240234
2021-11-30,47.15999984741211,47.5,46.66999816894531,46.87666702270508
2021-12-01,46.836666107177734,46.90666580200195,45.68000030517578,45.71333312988281
2021-12-02,45.87666702270508,46.14666748046875,45.08000183105469,45.15666580200195
2021-12-03,45.28666687011719,45.959999084472656,45.0966682434082,45.836666107177734
2021-12-06,45.85333251953125,46.45333480834961,45.70000076293945,46.33333206176758
2021-12-07,46.53333282470703,46.61000061035156,46.029998779296875,46.18333435058594
2021-12-08,46.02000045776367,46.16666793823242,45.336666107177734,45.71666717529297
2021-12-09,45.543331146240234,46.189998626708984,45.23666763305664,46.16666793823242
2021-12-10,46.11333465576172,47.099998474121094,45.856666564941406,47.0099983215332
2021-12-13,46.746665954589844,47.91666793823242,46.66999816894531,47.856666564941406
2021-12-14,47.766666412353516,48.426666259765625,47.383331298828125,48.313331604003906
2021-12-15,48.4033317565918,48.823333740234375,47.79999923706055,48.59000015258789
2021-12-16,48.59000015258789,48.84333419799805,47.630001068115234,47.779998779296875
2021-12-17,47.58333206176758,47.983333587646484,46.130001068115234,46.25
2021-12-20,46.040000915527344,46.58333206176758,45.866668701171875,46.400001525878906
2021-12-21,46.29999923706055,46.619998931884766,46.003334045410156,46.540000915527344
2021-12-22,46.633331298828125,46.663333892822266,46.176666259765625,46.599998474121094
2021-12-23,46.599998474121094,46.720001220703125,46.28333282470703,46.496665954589844
2021-12-27,46.53333282470703,46.956668853759766,46.52333450317383,46.91999816894531
2021-12-28,46.866668701171875,47.65666580200195,46.866668701171875,47.59333419799805
2021-12-29,47.5533332824707,47.84333419799805,47.439998626708984,47.56999969482422
2021-12-30,47.753334045410156,47.900001525878906,47.49333190917969,47.723331451416016
2021-12-31,47.733333587646484,48.3466682434082,47.63999938964844,48.22999954223633
2022-01-03,48.0,48.26333236694336,47.66999816894531,48.21666717529297
2022-01-04,48.01333236694336,48.380001068115234,47.253334045410156,47.33333206176758
2022-01-05,47.616668701171875,48.650001525878906,47.58000183105469,47.973331451416016
2022-01-06,47.87333297729492,48.21333312988281,47.46666717529297,47.84000015258789
2022-01-07,47.83333206176758,48.45333480834961,47.6533317565918,48.29666519165039
2022-01-10,48.47999954223633,48.529998779296875,47.706668853759766,48.20333480834961
2022-01-11,48.06999969482422,48.206668853759766,47.72666549682617,48.06666564941406
2022-01-12,47.893333435058594,47.98666763305664,47.66666793823242,47.813331604003906
2022-01-13,47.810001373291016,48.560001373291016,47.70333480834961,48.4900016784668
2022-01-14,48.073333740234375,48.87666702270508,48.073333740234375,48.35333251953125
2022-01-18,48.13666534423828,48.233333587646484,47.37666702270508,47.50666809082031
2022-01-19,47.51333236694336,48.33000183105469,47.30666732788086,47.97999954223633
2022-01-20,47.45000076293945,48.1533317565918,47.02333450317383,47.073333740234375
2022-01-21,47.073333740234375,47.41999816894531,46.686668395996094,46.72999954223633
2022-01-24,46.356666564941406,46.84333419799805,45.77000045776367,46.733333587646484
2022-01-25,46.663333892822266,46.790000915527344,45.60333251953125,45.71666717529297
2022-01-26,45.779998779296875,46.26333236694336,45.0533332824707,45.25
2022-01-27,45.63999938964844,46.36000061035156,45.12333297729492,45.279998779296875
2022-01-28,45.33333206176758,45.856666564941406,44.650001525878906,45.84000015258789
2022-01-31,45.6966667175293,46.68000030517578,45.56666564941406,46.60333251953125
2022-02-01,46.4033317565918,47.04999923706055,46.33000183105469,46.970001220703125
2022-02-02,47.0,47.21333312988281,46.71666717529297,46.95000076293945
2022-02-03,46.753334045410156,47.33000183105469,46.59000015258789,46.996665954589844
2022-02-04,46.96333312988281,47.0,46.116668701171875,46.44333267211914
2022-02-07,46.686668395996094,46.689998626708984,45.869998931884766,45.98666763305664
2022-02-08,46.106666564941406,46.413333892822266,45.836666107177734,45.996665954589844
2022-02-09,46.16666793823242,46.26333236694336,45.823333740234375,45.89666748046875
2022-02-10,45.516666412353516,45.66999816894531,45.1533317565918,45.36000061035156
2022-02-11,45.606666564941406,45.72666549682617,44.723331451416016,45.11000061035156
2022-02-14,45.11000061035156,45.31999969482422,44.23666763305664,44.650001525878906
2022-02-15,44.913333892822266,45.223331451416016,44.5966682434082,44.790000915527344
2022-02-16,44.776668548583984,44.959999084472656,44.233333587646484,44.5099983215332
2022-02-17,44.66666793823242,46.4900016784668,44.59333419799805,46.293331146240234
2022-02-18,46.03333282470703,46.529998779296875,45.720001220703125,45.996665954589844
2022-02-22,45.92333221435547,46.08000183105469,45.313331604003906,45.483333587646484
2022-02-23,45.619998931884766,45.72999954223633,44.9466667175293,45.016666412353516
2022-02-24,44.63666534423828,45.003334045410156,44.003334045410156,44.84333419799805
2022-02-25,44.936668395996094,45.59333419799805,44.6966667175293,45.459999084472656
2022-02-28,45.0,45.356666564941406,44.59000015258789,45.0533332824707
2022-03-01,45.290000915527344,45.96333312988281,45.00666809082031,45.33000183105469
2022-03-02,45.220001220703125,45.61000061035156,45.060001373291016,45.38666534423828
2022-03-03,45.76333236694336,46.823333740234375,45.516666412353516,46.43000030517578
2022-03-04,45.936668395996094,47.64666748046875,45.86333465576172,47.606666564941406
2022-03-07,47.099998474121094,47.87666702270508,46.81666564941406,47.223331451416016
2022-03-08,47.16666793823242,47.48666763305664,46.19333267211914,46.246665954589844
2022-03-09,46.66666793823242,46.746665954589844,46.04666519165039,46.48666763305664
2022-03-10,46.496665954589844,47.66666793823242,46.336666107177734,47.543331146240234
2022-03-11,47.43333435058594,48.016666412353516,47.293331146240234,47.356666564941406
2022-03-14,47.34000015258789,48.28333282470703,47.33000183105469,48.016666412353516
2022-03-15,48.176666259765625,48.71666717529297,47.95000076293945,48.59333419799805
2022-03-16,48.46333312988281,48.97999954223633,47.900001525878906,48.45000076293945
2022-03-17,48.150001525878906,48.43333435058594,47.54999923706055,48.336666107177734
2022-03-18,48.393333435058594,48.52333450317383,48.03666687011719,48.47999954223633
2022-03-21,48.47666549682617,49.0966682434082,47.87333297729492,48.07666778564453
2022-03-22,48.20333480834961,48.323333740234375,47.65999984741211,47.93333435058594
2022-03-23,47.71333312988281,47.90999984741211,47.17333221435547,47.31666564941406
2022-03-24,47.46333312988281,47.970001220703125,47.293331146240234,47.61000061035156
2022-03-25,47.81666564941406,47.97666549682617,47.41999816894531,47.81666564941406
2022-03-28,47.83333206176758,48.686668395996094,47.766666412353516,48.66666793823242
2022-03-29,48.866668701171875,49.366668701171875,48.75,49.07666778564453
2022-03-30,49.043331146240234,50.060001373291016,49.01333236694336,49.956668853759766
2022-03-31,49.5966682434082,50.18000030517578,49.393333435058594,49.63999938964844
2022-04-01,49.88666534423828,50.42333221435547,49.61333465576172,50.336666107177734
2022-04-04,50.3033332824707,51.06666564941406,50.026668548583984,50.3466682434082
2022-04-05,50.293331146240234,51.11000061035156,50.293331146240234,50.4900016784668
2022-04-06,50.34000015258789,51.80666732788086,50.16666793823242,51.663333892822266
2022-04-07,51.70000076293945,52.51333236694336,51.47999954223633,52.18000030517578
2022-04-08,52.3033332824707,52.8033332824707,52.06999969482422,52.470001220703125
2022-04-11,52.323333740234375,52.746665954589844,51.209999084472656,51.43000030517578
2022-04-12,51.413333892822266,51.79999923706055,50.849998474121094,51.07666778564453
2022-04-13,51.150001525878906,52.5966682434082,51.116668701171875,52.40666580200195
2022-04-14,52.369998931884766,52.76333236694336,52.143333435058594,52.36000061035156
2022-04-18,52.25,52.65999984741211,51.73666763305664,51.959999084472656
2022-04-19,52.223331451416016,52.650001525878906,52.01333236694336,52.54999923706055
2022-04-20,52.78333282470703,53.45000076293945,52.76333236694336,53.209999084472656
2022-04-21,53.30666732788086,53.59000015258789,53.02333450317383,53.290000915527344
2022-04-22,53.41666793823242,53.45333480834961,52.220001220703125,52.28666687011719
2022-04-25,52.12333297729492,52.4900016784668,51.45000076293945,52.313331604003906
2022-04-26,52.12333297729492,52.709999084472656,51.733333587646484,51.766666412353516
2022-04-27,51.84333419799805,52.06666564941406,51.34000015258789,51.413333892822266
2022-04-28,51.74333190917969,52.32666778564453,51.366668701171875,52.06999969482422
2022-04-29,51.936668395996094,52.073333740234375,50.9033317565918,50.996665954589844
2022-05-02,51.6533317565918,51.663333892822266,50.106666564941406,50.65999984741211
2022-05-03,50.810001373291016,51.426666259765625,50.59333419799805,50.836666107177734
2022-05-04,50.676666259765625,51.606666564941406,50.503334045410156,51.540000915527344
2022-05-05,51.21333312988281,51.276668548583984,50.46666717529297,50.913333892822266
2022-05-06,50.56999969482422,51.31666564941406,49.42333221435547,49.85333251953125
2022-05-09,49.4900016784668,51.03333282470703,49.39666748046875,50.436668395996094
2022-05-10,50.47666549682617,50.76333236694336,49.52000045776367,49.72666549682617
2022-05-11,49.79999923706055,50.25,48.970001220703125,49.206668853759766
2022-05-12,49.28666687011719,50.04999923706055,48.84000015258789,49.15999984741211
2022-05-13,49.23666763305664,49.459999084472656,48.71333312988281,49.349998474121094
2022-05-16,49.793331146240234,49.90999984741211,48.81999969482422,49.4033317565918
2022-05-17,45.47666549682617,45.813331604003906,43.54666519165039,43.78333282470703
2022-05-18,42.676666259765625,42.75666809082031,40.5099983215332,40.810001373291016
2022-05-19,40.290000915527344,40.5966682434082,39.53333282470703,39.689998626708984
2022-05-20,39.880001068115234,40.279998779296875,39.09000015258789,39.733333587646484
2022-05-23,39.973331451416016,41.25666809082031,39.95333480834961,40.866668701171875
2022-05-24,40.4033317565918,41.516666412353516,40.36000061035156,41.37666702270508
2022-05-25,41.33333206176758,41.55666732788086,40.866668701171875,41.12333297729492
2022-05-26,41.766666412353516,42.133331298828125,41.46666717529297,42.0
2022-05-27,41.83000183105469,42.87333297729492,41.77000045776367,42.82666778564453
2022-05-31,42.48666763305664,43.29999923706055,42.473331451416016,42.87666702270508
2022-06-01,42.83333206176758,42.973331451416016,41.560001373291016,41.81666564941406
2022-06-02,41.856666564941406,42.5099983215332,41.44333267211914,42.503334045410156
2022-06-03,42.223331451416016,42.473331451416016,41.6966667175293,41.77333450317383
2022-06-06,41.939998626708984,42.099998474121094,41.529998779296875,41.62333297729492
2022-06-07,40.413333892822266,41.163333892822266,40.293331146240234,41.12333297729492
2022-06-08,40.78333282470703,41.3033332824707,40.650001525878906,40.766666412353516
2022-06-09,40.66666793823242,41.45000076293945,40.33000183105469,40.34000015258789
2022-06-10,39.91666793823242,40.913333892822266,39.779998779296875,40.56666564941406
2022-06-13,39.913333892822266,40.413333892822266,39.6966667175293,39.8033332824707
2022-06-14,39.709999084472656,40.0,39.38999938964844,39.81999969482422
2022-06-15,39.9900016784668,40.13666534423828,39.29999923706055,39.793331146240234
2022-06-16,39.45000076293945,40.586666107177734,39.40999984741211,40.206668853759766
2022-06-17,40.00666809082031,40.293331146240234,39.323333740234375,39.43000030517578
2022-06-21,39.43333435058594,40.926666259765625,39.40666580200195,40.723331451416016
2022-06-22,40.70000076293945,41.08333206176758,40.1966667175293,40.22999954223633
2022-06-23,40.58333206176758,41.31999969482422,40.400001525878906,41.206668853759766
2022-06-24,41.36333465576172,41.77000045776367,41.0533332824707,41.2400016784668
2022-06-27,41.2599983215332,41.58000183105469,40.93000030517578,41.37333297729492
2022-06-28,41.5533332824707,41.856666564941406,40.76333236694336,40.790000915527344
2022-06-29,40.96333312988281,41.116668701171875,40.323333740234375,40.63999938964844
2022-06-30,40.293331146240234,40.686668395996094,39.96333312988281,40.526668548583984
2022-07-01,40.64666748046875,40.973331451416016,40.38666534423828,40.87666702270508
2022-07-05,40.73666763305664,41.503334045410156,40.53666687011719,41.41666793823242
2022-07-06,41.49333190917969,42.09333419799805,41.43333435058594,41.709999084472656
2022-07-07,41.72999954223633,41.84333419799805,41.37333297729492,41.77333450317383
2022-07-08,41.939998626708984,42.20333480834961,41.71666717529297,41.79999923706055
2022-07-11,41.67333221435547,42.11000061035156,41.540000915527344,41.81666564941406
2022-07-12,41.70333480834961,42.37666702270508,41.573333740234375,41.689998626708984
2022-07-13,41.47999954223633,42.1533317565918,41.3033332824707,41.790000915527344
2022-07-14,41.38666534423828,42.77333450317383,41.380001068115234,42.606666564941406
2022-07-15,42.93333435058594,43.42333221435547,42.68333435058594,43.02333450317383
2022-07-18,42.883331298828125,43.43333435058594,42.753334045410156,42.92333221435547
2022-07-19,43.130001068115234,43.31999969482422,42.866668701171875,43.186668395996094
2022-07-20,43.503334045410156,43.77000045776367,43.16666793823242,43.54666519165039
2022-07-21,43.560001373291016,44.186668395996094,43.5,44.18333435058594
2022-07-22,44.18000030517578,44.46333312988281,43.74333190917969,44.06999969482422
2022-07-25,44.130001068115234,44.233333587646484,43.81999969482422,44.00666809082031
2022-07-26,40.37666702270508,40.89666748046875,40.02000045776367,40.65999984741211
2022-07-27,40.413333892822266,42.25666809082031,40.34333419799805,42.1966667175293
2022-07-28,42.09000015258789,43.503334045410156,42.09000015258789,43.25
2022-07-29,42.77333450317383,44.086666107177734,42.66999816894531,44.016666412353516
2022-08-01,43.686668395996094,44.74333190917969,43.66666793823242,44.18000030517578
2022-08-02,44.383331298828125,44.56999969482422,43.79999923706055,44.22666549682617
2022-08-03,44.0533332824707,44.313331604003906,43.28666687011719,43.5
2022-08-04,43.55666732788086,43.599998474121094,41.776668548583984,41.856666564941406
2022-08-05,41.836666107177734,42.27000045776367,41.706668853759766,42.19333267211914
2022-08-08,42.21666717529297,42.73666763305664,42.20333480834961,42.53666687011719
2022-08-09,42.630001068115234,42.9900016784668,42.4033317565918,42.956668853759766
2022-08-10,43.33333206176758,43.383331298828125,42.79666519165039,43.04666519165039
2022-08-11,43.233333587646484,43.456668853759766,42.866668701171875,43.27333450317383
2022-08-12,43.33333206176758,44.279998779296875,43.27333450317383,44.073333740234375
2022-08-15,43.87666702270508,44.52333450317383,43.78666687011719,44.20000076293945
2022-08-16,46.29999923706055,46.97666549682617,46.063331604003906,46.456668853759766
2022-08-17,46.189998626708984,47.573333740234375,46.133331298828125,46.50666809082031
2022-08-18,46.5099983215332,46.80666732788086,46.16666793823242,46.356666564941406
2022-08-19,46.30666732788086,46.356666564941406,45.63666534423828,45.67333221435547
2022-08-22,45.400001525878906,45.573333740234375,44.813331604003906,44.856666564941406
2022-08-23,44.869998931884766,44.98666763305664,44.4033317565918,44.66666793823242
2022-08-24,44.78333282470703,45.0966682434082,44.53333282470703,44.9900016784668
2022-08-25,45.09333419799805,45.33000183105469,45.0099983215332,45.290000915527344
2022-08-26,45.369998931884766,45.61000061035156,43.836666107177734,43.866668701171875
2022-08-29,43.61000061035156,44.62333297729492,43.529998779296875,44.293331146240234
2022-08-30,44.4466667175293,44.54999923706055,43.913333892822266,44.15999984741211
2022-08-31,44.2599983215332,44.5966682434082,43.97666549682617,44.18333435058594
2022-09-01,44.18000030517578,45.04666519165039,44.133331298828125,44.82666778564453
2022-09-02,44.95000076293945,45.223331451416016,44.14666748046875,44.33333206176758
2022-09-06,44.349998474121094,44.540000915527344,43.573333740234375,44.11333465576172
2022-09-07,44.35333251953125,45.323333740234375,44.246665954589844,45.246665954589844
2022-09-08,45.133331298828125,45.62333297729492,44.959999084472656,45.47666549682617
2022-09-09,45.43333435058594,45.83333206176758,45.37666702270508,45.61333465576172
2022-09-12,45.69333267211914,46.08333206176758,45.65666580200195,46.02333450317383
2022-09-13,45.619998931884766,45.983333587646484,44.936668395996094,45.073333740234375
2022-09-14,45.209999084472656,45.5099983215332,44.70000076293945,44.973331451416016
2022-09-15,45.016666412353516,45.04999923706055,44.323333740234375,44.4900016784668
2022-09-16,44.0,44.849998474121094,43.7599983215332,44.39666748046875
2022-09-19,44.27333450317383,44.91999816894531,44.15666580200195,44.776668548583984
2022-09-20,44.49333190917969,44.62666702270508,44.18000030517578,44.516666412353516
2022-09-21,45.14666748046875,45.81666564941406,44.87333297729492,44.92333221435547
2022-09-22,44.856666564941406,44.90666580200195,44.279998779296875,44.46333312988281
2022-09-23,44.290000915527344,44.393333435058594,42.92333221435547,43.35333251953125
2022-09-26,42.91666793823242,44.04666519165039,42.75666809082031,43.77000045776367
2022-09-27,44.07666778564453,44.47666549682617,43.43333435058594,43.650001525878906
2022-09-28,43.8033332824707,44.54999923706055,43.2400016784668,44.369998931884766
2022-09-29,44.5,44.706668853759766,43.87666702270508,44.08333206176758
2022-09-30,44.08000183105469,44.119998931884766,43.233333587646484,43.233333587646484
2022-10-03,43.413333892822266,44.26333236694336,43.336666107177734,44.176666259765625
2022-10-04,44.619998931884766,45.06666564941406,44.456668853759766,44.75
2022-10-05,44.586666107177734,44.87333297729492,44.16999816894531,44.30666732788086
2022-10-06,44.36000061035156,44.82666778564453,43.86000061035156,43.893333435058594
2022-10-07,43.77000045776367,43.883331298828125,42.689998626708984,42.85333251953125
2022-10-10,43.176666259765625,43.310001373291016,42.7599983215332,43.106666564941406
2022-10-11,43.16999816894531,44.599998474121094,43.1533317565918,44.223331451416016
2022-10-12,44.336666107177734,44.92333221435547,43.65666580200195,43.723331451416016
2022-10-13,43.09333419799805,44.313331604003906,42.790000915527344,44.09333419799805
2022-10-14,44.14666748046875,44.40666580200195,43.349998474121094,43.47666549682617
2022-10-17,43.6533317565918,44.276668548583984,43.529998779296875,43.790000915527344
2022-10-18,44.47666549682617,45.03333282470703,44.44333267211914,44.71333312988281
2022-10-19,44.776668548583984,44.90999984741211,44.323333740234375,44.586666107177734
2022-10-20,44.65999984741211,45.133331298828125,44.54999923706055,44.6966667175293
2022-10-21,44.936668395996094,45.8033332824707,44.66666793823242,45.599998474121094
2022-10-24,45.81666564941406,46.82666778564453,45.709999084472656,46.470001220703125
2022-10-25,46.36333465576172,46.813331604003906,46.106666564941406,46.689998626708984
2022-10-26,46.78666687011719,47.3466682434082,46.606666564941406,47.04666519165039
2022-10-27,47.003334045410156,47.366668701171875,46.76333236694336,46.90999984741211
2022-10-28,46.68333435058594,47.633331298828125,46.68000030517578,47.503334045410156
2022-10-31,47.4466667175293,47.689998626708984,47.25666809082031,47.44333267211914
2022-11-01,47.65666580200195,47.849998474121094,47.16666793823242,47.22999954223633
2022-11-02,47.0533332824707,47.856666564941406,46.900001525878906,46.91666793823242
2022-11-03,46.503334045410156,47.23666763305664,46.36000061035156,46.90666580200195
2022-11-04,47.34333419799805,47.4033317565918,46.26333236694336,46.9900016784668
2022-11-07,47.086666107177734,47.65666580200195,47.086666107177734,47.483333587646484
2022-11-08,47.526668548583984,48.02333450317383,47.16999816894531,47.5966682434082
2022-11-09,47.586666107177734,47.720001220703125,46.4033317565918,46.4900016784668
2022-11-10,47.503334045410156,47.563331604003906,46.83333206176758,47.45333480834961
2022-11-11,47.55666732788086,47.706668853759766,46.663333892822266,47.526668548583984
2022-11-14,47.21333312988281,47.77333450317383,46.09000015258789,46.130001068115234
2022-11-15,48.53666687011719,50.09000015258789,48.18333435058594,49.14666748046875
2022-11-16,49.293331146240234,50.06666564941406,49.040000915527344,49.5
2022-11-17,49.003334045410156,49.57666778564453,48.9033317565918,49.33333206176758
2022-11-18,49.88999938964844,50.08000183105469,49.59000015258789,50.07666778564453
2022-11-21,50.20333480834961,50.71333312988281,50.063331604003906,50.383331298828125
2022-11-22,50.66666793823242,50.81666564941406,50.37333297729492,50.563331604003906
2022-11-23,50.69333267211914,51.12333297729492,50.62666702270508,50.80666732788086
2022-11-25,50.706668853759766,51.029998779296875,50.619998931884766,51.02333450317383
2022-11-28,50.90666580200195,51.54666519165039,50.90666580200195,51.16999816894531
2022-11-29,51.0099983215332,51.23666763305664,50.849998474121094,50.9900016784668
2022-11-30,50.869998931884766,50.92333221435547,50.400001525878906,50.80666732788086
2022-12-01,50.68333435058594,51.20333480834961,50.24333190917969,51.12333297729492
2022-12-02,50.49333190917969,51.08000183105469,50.49333190917969,51.073333740234375
2022-12-05,50.91666793823242,51.0,50.16999816894531,50.54999923706055
2022-12-06,50.400001525878906,50.63666534423828,49.73666763305664,49.96333312988281
2022-12-07,50.16666793823242,50.4033317565918,49.606666564941406,49.70333480834961
2022-12-08,49.720001220703125,49.7599983215332,49.380001068115234,49.59333419799805
2022-12-09,49.15666580200195,49.2400016784668,48.40666580200195,48.436668395996094
2022-12-12,48.633331298828125,49.366668701171875,48.52000045776367,49.34000015258789
2022-12-13,50.0,50.06666564941406,48.913333892822266,49.163333892822266
2022-12-14,49.029998779296875,49.5099983215332,48.6533317565918,48.88999938964844
2022-12-15,48.526668548583984,48.80666732788086,47.87666702270508,48.45333480834961
2022-12-16,48.15999984741211,48.2400016784668,47.52333450317383,47.58333206176758
2022-12-19,47.66999816894531,47.85333251953125,47.24333190917969,47.599998474121094
2022-12-20,47.63999938964844,48.21333312988281,47.41666793823242,48.016666412353516
2022-12-21,48.106666564941406,48.64666748046875,48.086666107177734,48.393333435058594
2022-12-22,48.25666809082031,48.32666778564453,47.310001373291016,47.82666778564453
2022-12-23,47.68333435058594,47.93333435058594,47.426666259765625,47.92333221435547
2022-12-27,48.01333236694336,48.150001525878906,47.72999954223633,47.936668395996094
2022-12-28,47.823333740234375,47.88999938964844,46.970001220703125,47.0966682434082
2022-12-29,47.380001068115234,47.67333221435547,47.25,47.383331298828125
2022-12-30,47.186668395996094,47.33000183105469,46.936668395996094,47.26333236694336
2023-01-03,47.516666412353516,47.9033317565918,47.36333465576172,47.866668701171875
2023-01-04,47.80666732788086,48.016666412353516,47.356666564941406,47.91999816894531
2023-01-05,47.81999969482422,48.043331146240234,47.54999923706055,47.75666809082031
2023-01-06,48.20000076293945,49.18333435058594,48.08000183105469,48.926666259765625
2023-01-09,48.77333450317383,49.28666687011719,48.266666412353516,48.31666564941406
2023-01-10,48.313331604003906,48.483333587646484,47.90999984741211,48.28666687011719
2023-01-11,48.58000183105469,48.72666549682617,48.24333190917969,48.709999084472656
2023-01-12,48.8033332824707,48.80666732788086,48.130001068115234,48.27000045776367
2023-01-13,48.5099983215332,48.606666564941406,47.95333480834961,48.43000030517578
2023-01-17,48.43000030517578,48.56999969482422,48.06666564941406,48.13666534423828
2023-01-18,48.06666564941406,48.08333206176758,46.82666778564453,46.9466667175293
2023-01-19,47.130001068115234,47.176666259765625,46.26333236694336,46.276668548583984
2023-01-20,46.46666717529297,46.926666259765625,46.05666732788086,46.8466682434082
2023-01-23,46.81999969482422,47.66999816894531,46.733333587646484,47.54666519165039
2023-01-24,48.849998474121094,48.849998474121094,47.0,47.67333221435547
2023-01-25,47.413333892822266,47.61333465576172,46.79666519165039,47.4466667175293
2023-01-26,47.676666259765625,47.91666793823242,47.253334045410156,47.4033317565918
2023-01-27,47.53333282470703,48.15666580200195,47.25,47.766666412353516
2023-01-30,47.37333297729492,47.483333587646484,47.09000015258789,47.383331298828125
2023-01-31,47.439998626708984,47.959999084472656,47.220001220703125,47.956668853759766
2023-02-01,47.88666534423828,48.53666687011719,47.56666564941406,48.223331451416016
2023-02-02,48.13666534423828,48.28666687011719,47.64666748046875,47.87333297729492
2023-02-03,47.78666687011719,47.98666763305664,46.95333480834961,47.23666763305664
2023-02-06,47.27333450317383,47.366668701171875,46.676666259765625,46.893333435058594
2023-02-07,46.59000015258789,47.099998474121094,46.22999954223633,46.99333190917969
2023-02-08,46.776668548583984,47.03333282470703,46.663333892822266,46.7400016784668
2023-02-09,46.956668853759766,47.313331604003906,46.856666564941406,47.17333221435547
2023-02-10,47.6966667175293,47.97999954223633,47.38999938964844,47.90666580200195
2023-02-13,48.23666763305664,48.706668853759766,48.16999816894531,48.63666534423828
2023-02-14,48.57666778564453,49.043331146240234,48.186668395996094,48.496665954589844
2023-02-15,48.31999969482422,48.866668701171875,48.186668395996094,48.856666564941406
2023-02-16,48.49333190917969,48.663333892822266,48.060001373291016,48.09000015258789
2023-02-17,48.369998931884766,48.89666748046875,48.189998626708984,48.813331604003906
2023-02-21,47.62666702270508,49.4466667175293,47.383331298828125,49.11000061035156
2023-02-22,48.92333221435547,49.189998626708984,47.586666107177734,48.08000183105469
2023-02-23,48.12333297729492,48.12333297729492,46.9033317565918,47.36333465576172
2023-02-24,46.9466667175293,47.58000183105469,46.5099983215332,47.4900016784668
2023-02-27,47.56999969482422,47.6966667175293,46.88666534423828,47.14666748046875
2023-02-28,47.0,47.54999923706055,46.983333587646484,47.37666702270508
2023-03-01,47.02000045776367,47.09333419799805,46.456668853759766,46.71666717529297
2023-03-02,46.61333465576172,46.913333892822266,46.5,46.83333206176758
2023-03-03,47.01333236694336,47.063331604003906,46.59000015258789,46.88999938964844
2023-03-06,46.83333206176758,46.99333190917969,46.67333221435547,46.883331298828125
2023-03-07,47.060001373291016,47.22666549682617,46.26333236694336,46.41666793823242
2023-03-08,46.186668395996094,46.30666732788086,45.7599983215332,46.03333282470703
2023-03-09,46.276668548583984,46.32666778564453,45.63999938964844,45.723331451416016
2023-03-10,45.67333221435547,46.09333419799805,45.36333465576172,45.65666580200195
2023-03-13,45.560001373291016,46.16666793823242,45.526668548583984,45.790000915527344
2023-03-14,45.89666748046875,46.09000015258789,45.66666793823242,46.03333282470703
2023-03-15,45.630001068115234,46.60333251953125,45.56999969482422,46.54666519165039
2023-03-16,46.47666549682617,46.54999923706055,45.959999084472656,46.09333419799805
2023-03-17,46.063331604003906,46.496665954589844,45.86333465576172,46.46666717529297
2023-03-20,46.70000076293945,47.30666732788086,46.60333251953125,46.96666717529297
2023-03-21,47.130001068115234,47.130001068115234,46.5099983215332,46.80666732788086
2023-03-22,46.880001068115234,47.073333740234375,46.48666763305664,46.50666809082031
2023-03-23,46.733333587646484,47.20333480834961,46.496665954589844,46.883331298828125
2023-03-24,47.003334045410156,47.4900016784668,46.866668701171875,47.266666412353516
2023-03-27,47.5966682434082,48.32666778564453,47.59333419799805,48.05666732788086
2023-03-28,47.883331298828125,48.13666534423828,47.68333435058594,47.869998931884766
2023-03-29,48.12333297729492,48.31999969482422,47.81666564941406,48.07666778564453
2023-03-30,48.5,48.866668701171875,48.34000015258789,48.55666732788086
2023-03-31,48.86000061035156,49.47999954223633,48.823333740234375,49.150001525878906
2023-04-03,49.24333190917969,49.650001525878906,49.16666793823242,49.563331604003906
2023-04-04,49.5099983215332,49.5966682434082,49.00666809082031,49.07666778564453
2023-04-05,49.05666732788086,49.959999084472656,49.04666519165039,49.88999938964844
2023-04-06,49.599998474121094,50.3466682434082,49.50666809082031,50.266666412353516
2023-04-10,50.119998931884766,50.37333297729492,49.92333221435547,50.16999816894531
2023-04-11,50.33333206176758,50.33333206176758,49.87333297729492,50.02333450317383
2023-04-12,49.93000030517578,50.323333740234375,49.723331451416016,49.779998779296875
2023-04-13,49.883331298828125,50.0,49.400001525878906,49.83000183105469
2023-04-14,49.676666259765625,49.96333312988281,49.383331298828125,49.49333190917969
2023-04-17,49.54666519165039,49.88999938964844,49.5,49.84000015258789
2023-04-18,49.926666259765625,50.11333465576172,49.813331604003906,49.95000076293945
2023-04-19,50.279998779296875,50.470001220703125,49.92333221435547,50.003334045410156
2023-04-20,50.06999969482422,50.46333312988281,49.866668701171875,50.323333740234375
2023-04-21,50.6533317565918,50.766666412353516,50.393333435058594,50.57666778564453
2023-04-24,50.56999969482422,50.983333587646484,50.56999969482422,50.91999816894531
2023-04-25,51.0966682434082,51.25,50.44333267211914,50.52333450317383
2023-04-26,50.32666778564453,50.470001220703125,50.073333740234375,50.3033332824707
2023-04-27,50.2599983215332,50.64666748046875,50.2599983215332,50.459999084472656
2023-04-28,50.43000030517578,50.723331451416016,50.060001373291016,50.323333740234375
2023-05-01,50.3466682434082,50.8466682434082,50.310001373291016,50.529998779296875
2023-05-02,50.4900016784668,50.496665954589844,49.81999969482422,50.393333435058594
2023-05-03,50.52000045776367,50.70000076293945,50.09000015258789,50.206668853759766
2023-05-04,50.18333435058594,50.33000183105469,49.83000183105469,50.15666580200195
2023-05-05,50.099998474121094,50.66999816894531,49.94333267211914,50.59000015258789
2023-05-08,50.42333221435547,50.983333587646484,50.35333251953125,50.90666580200195
2023-05-09,50.90666580200195,51.060001373291016,50.779998779296875,50.99333190917969
2023-05-10,51.22999954223633,51.45000076293945,50.40999984741211,50.849998474121094
2023-05-11,50.849998474121094,51.09000015258789,50.66666793823242,51.040000915527344
2023-05-12,51.20000076293945,51.356666564941406,50.9033317565918,51.02333450317383
2023-05-15,51.16666793823242,51.28333282470703,50.459999084472656,50.62666702270508
2023-05-16,50.28333282470703,50.5099983215332,49.856666564941406,49.926666259765625
2023-05-17,50.380001068115234,50.383331298828125,49.56999969482422,49.84333419799805
2023-05-18,50.599998474121094,51.43000030517578,49.983333587646484,50.4900016784668
2023-05-19,50.46666717529297,50.48666763305664,49.70333480834961,49.970001220703125
2023-05-22,49.900001525878906,50.026668548583984,49.43000030517578,49.529998779296875
2023-05-23,49.336666107177734,49.619998931884766,49.026668548583984,49.436668395996094
2023-05-24,49.503334045410156,49.51333236694336,48.766666412353516,49.209999084472656
2023-05-25,48.959999084472656,49.14666748046875,48.36333465576172,48.720001220703125
2023-05-26,48.56666564941406,48.939998626708984,48.4900016784668,48.80666732788086
2023-05-30,48.766666412353516,49.0966682434082,48.53333282470703,48.686668395996094
2023-05-31,48.473331451416016,49.10333251953125,48.336666107177734,48.956668853759766
2023-06-01,48.73666763305664,49.29999923706055,48.64666748046875,49.13666534423828
2023-06-02,49.073333740234375,49.66999816894531,49.03333282470703,49.606666564941406
2023-06-05,49.790000915527344,50.41666793823242,49.790000915527344,49.93333435058594
2023-06-06,49.900001525878906,50.063331604003906,49.503334045410156,49.926666259765625
2023-06-07,49.75,50.119998931884766,49.68000030517578,50.0
2023-06-08,50.130001068115234,50.810001373291016,49.93000030517578,50.723331451416016
2023-06-09,50.720001220703125,51.2400016784668,50.53333282470703,51.029998779296875
2023-06-12,51.143333435058594,51.43333435058594,51.05666732788086,51.366668701171875
2023-06-13,51.50666809082031,51.836666107177734,51.356666564941406,51.766666412353516
2023-06-14,51.970001220703125,52.44333267211914,51.869998931884766,52.290000915527344
2023-06-15,52.33333206176758,52.74333190917969,52.32666778564453,52.57666778564453
2023-06-16,52.69333267211914,52.71666717529297,51.7599983215332,51.84333419799805
2023-06-20,51.56666564941406,51.81666564941406,51.293331146240234,51.38666534423828
2023-06-21,51.4033317565918,51.779998779296875,51.119998931884766,51.48666763305664
2023-06-22,51.65999984741211,52.026668548583984,51.49333190917969,51.91666793823242
2023-06-23,51.959999084472656,52.0966682434082,51.67333221435547,51.81999969482422
2023-06-26,51.883331298828125,51.926666259765625,51.439998626708984,51.68333435058594
2023-06-27,51.383331298828125,51.95000076293945,51.35333251953125,51.496665954589844
2023-06-28,51.57666778564453,51.893333435058594,51.54666519165039,51.776668548583984
2023-06-29,51.503334045410156,51.58333206176758,51.04666519165039,51.426666259765625
2023-06-30,51.65666580200195,52.5099983215332,51.59333419799805,52.393333435058594
2023-07-03,52.27000045776367,52.813331604003906,52.11000061035156,52.733333587646484
2023-07-05,52.720001220703125,53.040000915527344,52.4466667175293,52.70333480834961
2023-07-06,52.643333435058594,52.72666549682617,52.290000915527344,52.369998931884766
2023-07-07,51.936668395996094,52.0966682434082,51.150001525878906,51.163333892822266
2023-07-10,51.52000045776367,51.83333206176758,51.439998626708984,51.62666702270508
2023-07-11,51.59000015258789,51.836666107177734,51.28666687011719,51.54999923706055
2023-07-12,51.77000045776367,51.96333312988281,51.606666564941406,51.68000030517578
2023-07-13,51.810001373291016,51.866668701171875,51.22999954223633,51.37666702270508
2023-07-14,51.37333297729492,51.55666732788086,51.19333267211914,51.5533332824707
2023-07-17,51.46666717529297,51.65999984741211,51.27333450317383,51.616668701171875
2023-07-18,51.55666732788086,51.88666534423828,51.28666687011719,51.52333450317383
2023-07-19,51.599998474121094,51.733333587646484,51.25,51.540000915527344
2023-07-20,51.643333435058594,52.516666412353516,51.633331298828125,52.49333190917969
2023-07-21,52.633331298828125,52.926666259765625,52.47999954223633,52.790000915527344
2023-07-24,52.81666564941406,53.15999984741211,52.52000045776367,53.099998474121094
2023-07-25,53.48666763305664,53.503334045410156,52.7599983215332,53.05666732788086
2023-07-26,53.08000183105469,53.563331604003906,52.97999954223633,53.246665954589844
2023-07-27,53.36000061035156,53.54666519165039,53.043331146240234,53.0533332824707
2023-07-28,53.0966682434082,53.64666748046875,53.0966682434082,53.3033332824707
2023-07-31,53.31999969482422,53.54666519165039,52.970001220703125,53.28666687011719
2023-08-01,53.31666564941406,53.483333587646484,52.98666763305664,53.03666687011719
2023-08-02,52.84333419799805,53.47666549682617,52.84333419799805,53.073333740234375
2023-08-03,53.00666809082031,53.16666793823242,52.836666107177734,53.086666107177734
2023-08-04,53.253334045410156,53.41666793823242,52.6533317565918,52.779998779296875
2023-08-07,53.16666793823242,53.73666763305664,53.03666687011719,53.496665954589844
2023-08-08,53.663333892822266,53.87333297729492,53.16999816894531,53.54999923706055
2023-08-09,53.63666534423828,54.03333282470703,53.56999969482422,53.63666534423828
2023-08-10,53.5966682434082,53.91666793823242,53.34333419799805,53.41999816894531
2023-08-11,53.516666412353516,53.94333267211914,53.366668701171875,53.733333587646484
2023-08-14,54.0,54.2599983215332,53.060001373291016,53.33333206176758
2023-08-15,53.18000030517578,53.5966682434082,52.973331451416016,53.060001373291016
2023-08-16,53.293331146240234,53.65666580200195,52.790000915527344,53.086666107177734
2023-08-17,53.633331298828125,53.71333312988281,51.67333221435547,51.89666748046875
2023-08-18,51.77000045776367,53.223331451416016,51.77000045776367,52.643333435058594
2023-08-21,52.543331146240234,52.9466667175293,52.3466682434082,52.503334045410156
2023-08-22,52.323333740234375,52.436668395996094,52.08000183105469,52.336666107177734
2023-08-23,52.20333480834961,52.79999923706055,52.16999816894531,52.70000076293945
2023-08-24,52.709999084472656,53.07666778564453,52.27333450317383,52.29666519165039
2023-08-25,52.393333435058594,52.68000030517578,52.18000030517578,52.606666564941406
2023-08-28,52.619998931884766,52.94333267211914,52.619998931884766,52.90666580200195
2023-08-29,53.0,53.40999984741211,52.95333480834961,53.349998474121094
2023-08-30,53.46666717529297,53.76333236694336,53.30666732788086,53.733333587646484
2023-08-31,53.706668853759766,54.33000183105469,53.6533317565918,54.20333480834961
2023-09-01,54.290000915527344,54.31999969482422,53.383331298828125,53.856666564941406
2023-09-05,53.95000076293945,54.266666412353516,53.393333435058594,53.42333221435547
2023-09-06,53.46666717529297,54.05666732788086,53.3033332824707,53.823333740234375
2023-09-07,54.0,54.49333190917969,53.83000183105469,54.4900016784668
2023-09-08,54.49333190917969,54.619998931884766,54.356666564941406,54.59000015258789
2023-09-11,54.66666793823242,54.82666778564453,54.5533332824707,54.779998779296875
2023-09-12,54.83333206176758,54.97666549682617,54.68000030517578,54.84000015258789
2023-09-13,54.97666549682617,55.28333282470703,54.790000915527344,54.85333251953125
2023-09-14,55.0,55.246665954589844,54.8033332824707,55.08333206176758
2023-09-15,55.06999969482422,55.220001220703125,54.59000015258789,54.880001068115234
2023-09-18,54.893333435058594,55.06666564941406,54.41666793823242,54.473331451416016
2023-09-19,54.459999084472656,54.59333419799805,54.116668701171875,54.459999084472656
2023-09-20,54.53333282470703,54.9033317565918,54.31999969482422,54.63666534423828
2023-09-21,54.753334045410156,54.83333206176758,53.93000030517578,53.973331451416016
2023-09-22,54.07666778564453,54.40999984741211,53.973331451416016,54.116668701171875
2023-09-25,54.12333297729492,54.369998931884766,53.956668853759766,54.356666564941406
2023-09-26,54.313331604003906,54.51333236694336,54.116668701171875,54.16666793823242
2023-09-27,54.0,54.07666778564453,53.43000030517578,53.90666580200195
2023-09-28,54.0,54.276668548583984,53.86333465576172,54.18000030517578
2023-09-29,54.34333419799805,54.37666702270508,53.063331604003906,53.310001373291016
2023-10-02,53.163333892822266,53.42333221435547,52.77000045776367,53.366668701171875
2023-10-03,53.22999954223633,53.58333206176758,52.893333435058594,53.029998779296875
2023-10-04,53.21666717529297,53.68333435058594,53.003334045410156,53.66666793823242
2023-10-05,53.483333587646484,53.6533317565918,53.0,53.026668548583984
2023-10-06,52.883331298828125,52.996665954589844,50.54999923706055,52.13666534423828
2023-10-09,51.69333267211914,51.95000076293945,51.086666107177734,51.9466667175293
2023-10-10,52.07666778564453,52.69333267211914,51.88666534423828,52.53333282470703
2023-10-11,52.753334045410156,53.163333892822266,52.3466682434082,52.74333190917969
2023-10-12,52.84333419799805,53.10333251953125,52.59000015258789,52.983333587646484
2023-10-13,53.086666107177734,53.48666763305664,52.96666717529297,53.276668548583984
2023-10-16,53.51333236694336,54.026668548583984,53.439998626708984,53.73666763305664
2023-10-17,53.58000183105469,53.9033317565918,53.46333312988281,53.80666732788086
2023-10-18,53.959999084472656,54.119998931884766,53.573333740234375,53.8466682434082
2023-10-19,53.810001373291016,53.939998626708984,53.40666580200195,53.59000015258789
2023-10-20,53.61000061035156,53.70000076293945,52.9033317565918,52.91999816894531
2023-10-23,52.90999984741211,53.78333282470703,52.67333221435547,53.66999816894531
2023-10-24,53.79999923706055,54.49333190917969,53.79666519165039,54.41666793823242
2023-10-25,54.38666534423828,54.776668548583984,54.15666580200195,54.253334045410156
2023-10-26,54.23666763305664,54.616668701171875,53.869998931884766,53.92333221435547
2023-10-27,53.82666778564453,53.9900016784668,53.516666412353516,53.723331451416016
2023-10-30,53.81999969482422,54.41999816894531,53.5966682434082,54.34000015258789
2023-10-31,54.33333206176758,54.540000915527344,53.983333587646484,54.470001220703125
2023-11-01,54.73666763305664,55.12666702270508,54.32666778564453,54.956668853759766
2023-11-02,54.793331146240234,55.39666748046875,54.543331146240234,55.17333221435547
2023-11-03,55.293331146240234,55.43333435058594,54.83333206176758,54.88666534423828
2023-11-06,54.83333206176758,55.209999084472656,54.689998626708984,54.959999084472656
2023-11-07,55.25666809082031,55.53666687011719,55.11000061035156,55.21666717529297
2023-11-08,55.279998779296875,55.426666259765625,54.526668548583984,54.766666412353516
2023-11-09,54.790000915527344,54.84000015258789,54.41666793823242,54.63999938964844
2023-11-10,54.849998474121094,55.47999954223633,54.633331298828125,55.39666748046875
2023-11-13,55.459999084472656,55.956668853759766,55.349998474121094,55.893333435058594
2023-11-14,56.05666732788086,56.383331298828125,55.75,55.883331298828125
2023-11-15,56.12666702270508,56.64666748046875,55.836666107177734,56.59333419799805
2023-11-16,52.91666793823242,53.150001525878906,51.83333206176758,52.01333236694336
2023-11-17,51.983333587646484,52.51333236694336,51.66999816894531,51.78333282470703
2023-11-20,51.8466682434082,52.003334045410156,51.66999816894531,51.766666412353516
2023-11-21,51.81999969482422,52.28333282470703,51.37666702270508,51.95333480834961
2023-11-22,51.90666580200195,52.016666412353516,51.459999084472656,51.55666732788086
2023-11-24,51.71666717529297,52.043331146240234,51.56666564941406,52.02000045776367
2023-11-27,51.983333587646484,52.45333480834961,51.983333587646484,52.25666809082031
2023-11-28,52.220001220703125,52.973331451416016,52.220001220703125,52.880001068115234
2023-11-29,52.92333221435547,52.92333221435547,51.869998931884766,52.026668548583984
2023-11-30,52.00666809082031,52.116668701171875,51.503334045410156,51.89666748046875
2023-12-01,51.793331146240234,51.869998931884766,50.87666702270508,51.4466667175293
2023-12-04,51.106666564941406,51.643333435058594,51.10333251953125,51.43333435058594
2023-12-05,51.483333587646484,51.95000076293945,51.246665954589844,51.90999984741211
2023-12-06,51.849998474121094,51.94333267211914,51.21666717529297,51.3466682434082
2023-12-07,51.45000076293945,51.51333236694336,50.74333190917969,50.81999969482422
2023-12-08,50.66666793823242,50.73666763305664,50.08000183105469,50.28666687011719
2023-12-11,50.380001068115234,50.483333587646484,49.8466682434082,50.413333892822266
2023-12-12,50.40666580200195,50.56666564941406,50.07666778564453,50.45333480834961
2023-12-13,50.516666412353516,51.349998474121094,50.21333312988281,51.349998474121094
2023-12-14,51.17333221435547,51.313331604003906,50.643333435058594,50.723331451416016
2023-12-15,50.59333419799805,51.1533317565918,50.51333236694336,50.913333892822266
2023-12-18,51.116668701171875,51.689998626708984,51.043331146240234,51.65666580200195
2023-12-19,51.61333465576172,51.89666748046875,51.36333465576172,51.84333419799805
2023-12-20,51.80666732788086,52.04666519165039,51.206668853759766,51.23666763305664
2023-12-21,51.33333206176758,51.686668395996094,51.3033332824707,51.599998474121094
2023-12-22,51.81666564941406,52.383331298828125,51.720001220703125,52.21666717529297
2023-12-26,52.21666717529297,52.33000183105469,52.03666687011719,52.13666534423828
2023-12-27,52.10333251953125,52.650001525878906,52.0533332824707,52.62666702270508
2023-12-28,52.59000015258789,52.776668548583984,52.5,52.52333450317383
2023-12-29,52.5099983215332,52.69333267211914,52.38666534423828,52.54999923706055
2024-01-02,52.41666793823242,53.18000030517578,52.39666748046875,53.0966682434082
2024-01-03,53.25666809082031,53.43333435058594,52.97666549682617,53.099998474121094
2024-01-04,53.06999969482422,53.18000030517578,52.496665954589844,52.586666107177734
2024-01-05,52.63999938964844,52.70000076293945,51.866668701171875,52.23666763305664
2024-01-08,52.233333587646484,52.76333236694336,52.22666549682617,52.75
2024-01-09,52.643333435058594,53.11333465576172,52.57666778564453,53.10333251953125
2024-01-10,53.186668395996094,53.83333206176758,53.186668395996094,53.76333236694336
2024-01-11,53.78333282470703,53.96333312988281,53.38999938964844,53.70333480834961
2024-01-12,53.790000915527344,53.8466682434082,53.459999084472656,53.77333450317383
2024-01-16,53.813331604003906,54.133331298828125,53.74333190917969,53.94333267211914
2024-01-17,53.793331146240234,53.996665954589844,53.543331146240234,53.689998626708984
2024-01-18,53.720001220703125,54.46333312988281,53.560001373291016,54.413333892822266
2024-01-19,54.47666549682617,54.52333450317383,53.813331604003906,54.12666702270508
2024-01-22,54.26333236694336,54.31666564941406,53.83333206176758,54.130001068115234
2024-01-23,54.040000915527344,54.28333282470703,53.92333221435547,54.266666412353516
2024-01-24,54.29999923706055,54.356666564941406,53.439998626708984,53.5
2024-01-25,53.79999923706055,54.290000915527344,53.473331451416016,54.279998779296875
2024-01-26,54.349998474121094,54.793331146240234,54.220001220703125,54.75666809082031
2024-01-29,54.78333282470703,55.13666534423828,54.50666809082031,55.01333236694336
2024-01-30,54.900001525878906,55.27000045776367,54.540000915527344,55.1966667175293
2024-01-31,55.93333435058594,55.93333435058594,55.03666687011719,55.08333206176758
2024-02-01,55.233333587646484,56.116668701171875,55.060001373291016,56.10333251953125
2024-02-02,56.04999923706055,56.86000061035156,55.973331451416016,56.52333450317383
2024-02-05,56.66999816894531,56.66999816894531,56.02333450317383,56.220001220703125
2024-02-06,56.26333236694336,56.650001525878906,56.11333465576172,56.60333251953125
2024-02-07,56.75666809082031,56.88666534423828,56.400001525878906,56.459999084472656
2024-02-08,56.459999084472656,56.849998474121094,56.380001068115234,56.456668853759766
2024-02-09,56.46333312988281,56.57666778564453,56.30666732788086,56.426666259765625
2024-02-12,56.40999984741211,56.78666687011719,56.349998474121094,56.766666412353516
2024-02-13,56.87333297729492,57.02333450317383,56.09000015258789,56.380001068115234
2024-02-14,56.25,56.293331146240234,55.8466682434082,56.20000076293945
2024-02-15,56.599998474121094,56.616668701171875,55.9900016784668,56.43000030517578
2024-02-16,56.76333236694336,57.310001373291016,56.43000030517578,56.78666687011719
2024-02-20,59.49333190917969,60.45000076293945,58.40999984741211,58.619998931884766
2024-02-21,58.33333206176758,58.526668548583984,57.599998474121094,57.900001525878906
2024-02-22,57.959999084472656,58.4900016784668,57.77000045776367,58.470001220703125
2024-02-23,58.6966667175293,59.21666717529297,58.436668395996094,58.52000045776367
2024-02-26,59.119998931884766,59.84000015258789,58.18000030517578,59.599998474121094
2024-02-27,59.63999938964844,59.79999923706055,59.220001220703125,59.59000015258789
2024-02-28,59.54999923706055,59.7599983215332,59.310001373291016,59.619998931884766
2024-02-29,59.45000076293945,59.4900016784668,58.59000015258789,58.61000061035156
2024-03-01,58.79999923706055,58.849998474121094,58.20000076293945,58.7599983215332
2024-03-04,58.5,59.38999938964844,58.400001525878906,59.29999923706055
2024-03-05,59.869998931884766,60.34000015258789,59.58000183105469,60.040000915527344
2024-03-06,60.119998931884766,60.619998931884766,60.040000915527344,60.56999969482422
2024-03-07,61.0,61.06999969482422,60.349998474121094,60.36000061035156
2024-03-08,60.0,60.279998779296875,59.72999954223633,60.119998931884766
2024-03-11,60.099998474121094,60.709999084472656,59.869998931884766,60.65999984741211
2024-03-12,60.95000076293945,61.56999969482422,60.650001525878906,61.40999984741211
2024-03-13,61.2599983215332,61.459999084472656,60.880001068115234,61.279998779296875
2024-03-14,61.279998779296875,61.439998626708984,60.599998474121094,61.02000045776367
2024-03-15,60.68000030517578,61.150001525878906,60.459999084472656,60.68000030517578
2024-03-18,60.689998626708984,60.900001525878906,60.38999938964844,60.86000061035156
2024-03-19,60.970001220703125,61.06999969482422,60.599998474121094,60.869998931884766
2024-03-20,60.84000015258789,61.279998779296875,60.7400016784668,61.25
2024-03-21,61.279998779296875,61.65999984741211,61.04999923706055,61.45000076293945
2024-03-22,61.31999969482422,61.529998779296875,60.849998474121094,60.869998931884766
2024-03-25,60.869998931884766,60.9900016784668,60.36000061035156,60.56999969482422
2024-03-26,60.459999084472656,60.83000183105469,60.22999954223633,60.5099983215332
2024-03-27,60.869998931884766,61.04999923706055,60.380001068115234,60.720001220703125
2024-03-28,60.65999984741211,60.77000045776367,60.15999984741211,60.16999816894531
2024-04-01,60.310001373291016,60.7599983215332,59.93000030517578,60.0
2024-04-02,59.900001525878906,60.099998474121094,58.880001068115234,59.15999984741211
2024-04-03,59.380001068115234,59.5,58.939998626708984,59.43000030517578
2024-04-04,59.540000915527344,59.810001373291016,59.290000915527344,59.5
2024-04-05,59.54999923706055,60.040000915527344,59.4900016784668,59.849998474121094
2024-04-08,59.599998474121094,60.040000915527344,59.41999816894531,59.779998779296875
2024-04-09,59.869998931884766,59.970001220703125,59.29999923706055,59.790000915527344
2024-04-10,59.619998931884766,60.7599983215332,59.38999938964844,60.619998931884766
2024-04-11,60.75,60.88999938964844,60.06999969482422,60.09000015258789
2024-04-12,60.0,60.720001220703125,59.95000076293945,60.13999938964844
2024-04-15,60.5099983215332,60.70000076293945,59.90999984741211,59.93000030517578
2024-04-16,60.029998779296875,60.290000915527344,59.779998779296875,59.84000015258789
2024-04-17,60.150001525878906,60.43000030517578,59.56999969482422,59.650001525878906
2024-04-18,59.83000183105469,59.939998626708984,59.220001220703125,59.2599983215332
2024-04-19,59.45000076293945,59.66999816894531,58.970001220703125,59.529998779296875
2024-04-22,59.560001373291016,60.400001525878906,59.040000915527344,60.13999938964844
2024-04-23,60.25,60.349998474121094,58.560001373291016,59.09000015258789
2024-04-24,58.97999954223633,60.040000915527344,58.810001373291016,59.869998931884766
2024-04-25,60.04999923706055,60.529998779296875,59.83000183105469,60.209999084472656
2024-04-26,60.11000061035156,60.38999938964844,60.0,60.15999984741211
2024-04-29,60.18000030517578,60.38999938964844,59.939998626708984,60.2400016784668
2024-04-30,60.20000076293945,60.29999923706055,59.15999984741211,59.349998474121094
2024-05-01,59.310001373291016,59.40999984741211,58.720001220703125,58.849998474121094
2024-05-02,58.939998626708984,59.88999938964844,58.58000183105469,59.709999084472656
2024-05-03,59.619998931884766,59.97999954223633,59.13999938964844,59.81999969482422
2024-05-06,60.0,60.0,59.38999938964844,59.869998931884766
2024-05-07,60.16999816894531,60.79999923706055,60.04999923706055,60.619998931884766
2024-05-08,60.630001068115234,60.849998474121094,60.220001220703125,60.29999923706055
2024-05-09,60.20000076293945,60.58000183105469,59.95000076293945,60.439998626708984
2024-05-10,60.40999984741211,60.58000183105469,60.15999984741211,60.47999954223633
2024-05-13,60.619998931884766,61.349998474121094,60.290000915527344,60.40999984741211
2024-05-14,60.52000045776367,60.54999923706055,59.439998626708984,59.86000061035156
2024-05-15,59.83000183105469,59.939998626708984,59.470001220703125,59.83000183105469
2024-05-16,64.22000122070312,64.41999816894531,62.939998626708984,64.01000213623047
2024-05-17,64.23999786376953,64.87999725341797,63.630001068115234,64.6500015258789
2024-05-20,64.41999816894531,64.76000213623047,63.869998931884766,64.18000030517578
2024-05-21,64.52999877929688,65.19000244140625,64.44999694824219,65.1500015258789
2024-05-22,64.9800033569336,65.69000244140625,64.7300033569336,65.25
2024-05-23,65.16999816894531,65.5199966430664,64.55999755859375,64.83999633789062
2024-05-24,65.12999725341797,65.69000244140625,65.01000213623047,65.37999725341797
2024-05-28,65.22000122070312,65.47000122070312,64.73999786376953,65.04000091552734
2024-05-29,64.75,65.20999908447266,64.6500015258789,64.91999816894531
2024-05-30,64.93000030517578,65.16999816894531,64.7699966430664,64.88999938964844
2024-05-31,64.66999816894531,65.9000015258789,64.16000366210938,65.76000213623047
2024-06-03,65.51000213623047,65.83999633789062,65.16000366210938,65.81999969482422
2024-06-04,65.98999786376953,66.63999938964844,65.83000183105469,66.5999984741211
2024-06-05,66.56999969482422,67.1500015258789,66.27999877929688,67.08999633789062
2024-06-06,67.05999755859375,67.44000244140625,66.7699966430664,67.1500015258789
2024-06-07,67.4000015258789,67.56999969482422,65.63999938964844,65.87999725341797
2024-06-10,67.19000244140625,67.33000183105469,66.2699966430664,66.95999908447266
2024-06-11,66.94999694824219,66.95999908447266,66.3499984741211,66.7300033569336
2024-06-12,66.8499984741211,66.94000244140625,65.9000015258789,66.30999755859375
2024-06-13,66.30000305175781,66.76000213623047,65.94999694824219,66.69999694824219
2024-06-14,66.54000091552734,67.11000061035156,66.30000305175781,67.0199966430664
2024-06-17,66.91999816894531,67.44000244140625,66.41000366210938,67.41999816894531
2024-06-18,67.62999725341797,67.87000274658203,67.30000305175781,67.5999984741211
2024-06-20,67.3499984741211,68.12999725341797,67.30000305175781,68.01000213623047
2024-06-21,68.26000213623047,68.55000305175781,67.83000183105469,67.91000366210938
2024-06-24,68.05000305175781,69.04000091552734,67.9000015258789,68.9000015258789
2024-06-25,67.16999816894531,67.58999633789062,66.55000305175781,67.41999816894531
2024-06-26,67.4000015258789,68.5999984741211,67.20999908447266,68.29000091552734
2024-06-27,68.29000091552734,68.58000183105469,67.66999816894531,67.87999725341797
2024-06-28,67.87000274658203,68.0999984741211,67.31999969482422,67.70999908447266
2024-07-01,67.88999938964844,68.23999786376953,67.25,67.4800033569336
2024-07-02,67.44000244140625,68.08000183105469,67.26000213623047,68.06999969482422
2024-07-03,67.80999755859375,68.25,67.62000274658203,68.23999786376953
2024-07-05,68.16000366210938,70.1500015258789,68.0999984741211,70.04000091552734
2024-07-08,69.9000015258789,70.13999938964844,69.3499984741211,69.68000030517578
2024-07-09,69.9000015258789,70.25,69.66999816894531,69.9000015258789
2024-07-10,70.0999984741211,70.44000244140625,69.72000122070312,70.41000366210938
2024-07-11,70.18000030517578,70.44999694824219,69.26000213623047,69.80000305175781
2024-07-12,69.9000015258789,70.02999877929688,69.16999816894531,69.23999786376953
2024-07-15,69.30000305175781,69.97000122070312,69.30000305175781,69.61000061035156
2024-07-16,69.81999969482422,70.23999786376953,69.58000183105469,69.98999786376953
2024-07-17,70.18000030517578,71.0999984741211,69.94999694824219,71.02999877929688
2024-07-18,70.68000030517578,71.19000244140625,70.43000030517578,70.81999969482422
2024-07-19,71.19999694824219,71.33000183105469,70.6500015258789,70.75
2024-07-22,70.86000061035156,71.26000213623047,70.2300033569336,70.37999725341797
2024-07-23,70.47000122070312,70.69999694824219,70.11000061035156,70.6500015258789
2024-07-24,70.5199966430664,70.83999633789062,70.33999633789062,70.5999984741211
2024-07-25,70.5999984741211,70.7699966430664,69.94999694824219,70.0199966430664
2024-07-26,70.2300033569336,70.23999786376953,68.83000183105469,69.77999877929688
2024-07-29,69.8499984741211,69.9000015258789,69.12999725341797,69.62000274658203
2024-07-30,69.55000305175781,69.8499984741211,68.9800033569336,69.19000244140625
2024-07-31,69.18000030517578,69.25,68.29000091552734,68.63999938964844
2024-08-01,68.91000366210938,69.80000305175781,68.5199966430664,69.79000091552734
2024-08-02,69.5999984741211,70.23999786376953,67.73999786376953,68.45999908447266
2024-08-05,68.0999984741211,68.58000183105469,66.91000366210938,67.58999633789062
2024-08-06,67.83999633789062,68.62999725341797,67.68000030517578,67.73999786376953
2024-08-07,67.87000274658203,68.01000213623047,66.80999755859375,66.91000366210938
2024-08-08,66.83999633789062,67.91999816894531,66.66999816894531,67.66000366210938
2024-08-09,67.8499984741211,68.22000122070312,67.33000183105469,67.94999694824219
2024-08-12,68.33999633789062,69.22000122070312,68.06999969482422,68.69999694824219
2024-08-13,68.43000030517578,68.61000061035156,67.13999938964844,68.12999725341797
2024-08-14,67.91999816894531,68.79000091552734,67.8499984741211,68.66000366210938
2024-08-15,74.12000274658203,74.44000244140625,72.77999877929688,73.18000030517578
2024-08-16,72.69999694824219,73.61000061035156,72.5199966430664,73.44999694824219
2024-08-19,73.38999938964844,73.9800033569336,73.33999633789062,73.72000122070312
2024-08-20,73.75,74.75,73.72000122070312,74.54000091552734
2024-08-21,75.30000305175781,75.58000183105469,74.58999633789062,75.23999786376953
2024-08-22,75.37000274658203,76.22000122070312,75.1500015258789,75.58000183105469
2024-08-23,75.5999984741211,75.80999755859375,75.01000213623047,75.69999694824219
2024-08-26,75.9000015258789,76.20999908447266,75.56999969482422,76.02999877929688
2024-08-27,76.44999694824219,76.44999694824219,75.7699966430664,76.12999725341797
2024-08-28,76.27999877929688,76.43000030517578,75.80999755859375,76.08000183105469
2024-08-29,75.98999786376953,76.47000122070312,75.66999816894531,76.41999816894531
2024-08-30,76.44000244140625,77.47000122070312,76.22000122070312,77.2300033569336
2024-09-03,77.33000183105469,77.80999755859375,76.80000305175781,77.16999816894531
2024-09-04,77.33000183105469,77.4800033569336,76.7300033569336,77.23999786376953
2024-09-05,77.25,77.44999694824219,76.38999938964844,76.95999908447266
2024-09-06,76.9000015258789,77.31999969482422,76.30000305175781,76.63999938964844
2024-09-09,76.8499984741211,77.47000122070312,76.48999786376953,77.33999633789062
2024-09-10,77.3499984741211,78.9000015258789,77.27999877929688,78.80999755859375
2024-09-11,78.37999725341797,78.91999816894531,77.56999969482422,78.83999633789062
2024-09-12,78.98999786376953,79.91000366210938,78.62000274658203,79.66000366210938
2024-09-13,79.81999969482422,80.69000244140625,79.69000244140625,80.5999984741211
2024-09-16,80.83999633789062,81.0199966430664,80.13999938964844,80.55999755859375
2024-09-17,79.76000213623047,80.26000213623047,78.26000213623047,78.5999984741211
2024-09-18,78.63999938964844,79.41000366210938,78.27999877929688,79.02999877929688
2024-09-19,79.05000305175781,79.08999633789062,77.48999786376953,78.04000091552734
2024-09-20,78.2300033569336,79.61000061035156,78.11000061035156,79.05999755859375
2024-09-23,79.06999969482422,80.44000244140625,79.06999969482422,80.33000183105469
2024-09-24,80.4800033569336,80.91000366210938,80.23999786376953,80.66999816894531
2024-09-25,80.88999938964844,81.5999984741211,80.68000030517578,81.4000015258789
2024-09-26,81.04000091552734,81.19999694824219,79.26000213623047,79.91999816894531
2024-09-27,79.9000015258789,80.29000091552734,79.5999984741211,79.77999877929688
2024-09-30,79.88999938964844,80.94000244140625,79.86000061035156,80.75
2024-10-01,80.68000030517578,81.52999877929688,80.44000244140625,81.2699966430664
2024-10-02,80.98999786376953,80.98999786376953,80.12000274658203,80.43000030517578
2024-10-03,80.30000305175781,80.58000183105469,79.8499984741211,80.43000030517578
2024-10-04,80.05000305175781,81.11000061035156,79.8499984741211,80.94000244140625
2024-10-07,80.69000244140625,80.94000244140625,78.9800033569336,79.0999984741211
2024-10-08,79.62000274658203,79.81999969482422,79.06999969482422,79.70999908447266
2024-10-09,79.81999969482422,80.5,79.75,80.4000015258789
2024-10-10,80.30999755859375,80.31999969482422,79.45999908447266,79.61000061035156
2024-10-11,79.69999694824219,80.12999725341797,79.37000274658203,80.0999984741211
2024-10-14,80.05000305175781,80.51000213623047,79.76000213623047,80.29000091552734
2024-10-15,80.66999816894531,81.81999969482422,80.51000213623047,81.6500015258789
2024-10-16,81.52999877929688,81.66000366210938,80.62000274658203,81.22000122070312
2024-10-17,81.2699966430664,81.5,80.6500015258789,80.88999938964844
2024-10-18,80.87000274658203,81.69000244140625,80.66000366210938,81.30999755859375
2024-10-21,81.2300033569336,81.55000305175781,80.72000122070312,80.80999755859375
2024-10-22,81.11000061035156,82.2300033569336,80.83000183105469,82.0199966430664
2024-10-23,81.88999938964844,83.33999633789062,81.80000305175781,83.2699966430664
2024-10-24,82.95999908447266,83.31999969482422,82.58000183105469,83.04000091552734
2024-10-25,83.19999694824219,83.30000305175781,82.44000244140625,82.51000213623047
2024-10-28,82.75,83.08000183105469,82.47000122070312,82.75
2024-10-29,82.66999816894531,82.86000061035156,81.66999816894531,81.69999694824219
2024-10-30,81.5999984741211,81.83000183105469,81.30000305175781,81.38999938964844
2024-10-31,81.29000091552734,82.44000244140625,81.22000122070312,81.94999694824219
2024-11-01,82.52999877929688,82.52999877929688,81.54000091552734,82.19000244140625
2024-11-04,82.19999694824219,82.91000366210938,82.0,82.44999694824219
2024-11-05,82.68000030517578,83.7699966430664,82.51000213623047,83.68000030517578
2024-11-06,85.13999938964844,85.54000091552734,82.05999755859375,83.44000244140625
2024-11-07,83.72000122070312,84.38999938964844,83.41999816894531,83.8499984741211
2024-11-08,84.27999877929688,85.41999816894531,84.2300033569336,84.83000183105469
2024-11-11,84.94999694824219,85.41000366210938,84.12000274658203,84.20999908447266
2024-11-12,84.5,85.52999877929688,84.5,84.98999786376953
2024-11-13,84.98999786376953,85.79000091552734,84.7699966430664,85.5
2024-11-14,85.02999877929688,85.76000213623047,84.33999633789062,84.47000122070312
2024-11-15,84.52999877929688,84.77999877929688,83.94000244140625,84.25
2024-11-18,84.81999969482422,84.8499984741211,83.66000366210938,84.08000183105469
2024-11-19,86.2300033569336,88.29000091552734,85.91000366210938,86.5999984741211
2024-11-20,86.5999984741211,87.19999694824219,85.91000366210938,87.18000030517578
2024-11-21,87.44999694824219,88.63999938964844,86.93000030517578,88.38999938964844
2024-11-22,89.41000366210938,90.91000366210938,88.93000030517578,90.44000244140625
2024-11-25,90.5,90.94999694824219,89.05999755859375,89.5
2024-11-26,89.88999938964844,91.87999725341797,89.83999633789062,91.30999755859375
2024-11-27,92.0,92.25,91.30999755859375,91.87999725341797
2024-11-29,92.26000213623047,92.63999938964844,91.81999969482422,92.5
2024-12-02,92.81999969482422,92.98999786376953,91.94999694824219,92.63999938964844
2024-12-03,92.77999877929688,93.58999633789062,92.26000213623047,93.51000213623047
2024-12-04,93.44999694824219,94.5199966430664,93.05000305175781,94.44999694824219
2024-12-05,94.88999938964844,95.5999984741211,94.33999633789062,95.30000305175781
2024-12-06,95.54000091552734,96.18000030517578,95.33000183105469,95.69999694824219
2024-12-09,95.66000366210938,95.94000244140625,93.5999984741211,93.83000183105469
2024-12-10,94.05000305175781,95.23999786376953,93.7699966430664,94.55000305175781
2024-12-11,94.54000091552734,95.69000244140625,94.5,94.95999908447266
2024-12-12,95.68000030517578,95.72000122070312,94.08999633789062,94.08999633789062
2024-12-13,93.80000305175781,94.68000030517578,93.04000091552734,94.25
2024-12-16,94.41999816894531,95.70999908447266,94.0999984741211,94.87000274658203
2024-12-17,95.13999938964844,95.48999786376953,94.31999969482422,95.41999816894531
2024-12-18,95.33999633789062,95.9000015258789,93.12999725341797,93.55000305175781
2024-12-19,94.4800033569336,94.56999969482422,93.36000061035156,93.4000015258789
2024-12-20,93.01000213623047,93.75,91.62999725341797,92.23999786376953
2024-12-23,91.5,91.5,88.91000366210938,90.3499984741211
2024-12-24,90.37000274658203,92.68000030517578,90.3499984741211,92.68000030517578
2024-12-26,92.54000091552734,92.87999725341797,92.16999816894531,92.79000091552734
2024-12-27,92.12999725341797,92.3499984741211,91.02999877929688,91.66000366210938
2024-12-30,90.7300033569336,91.06999969482422,90.12999725341797,90.56999969482422
2024-12-31,90.56999969482422,90.94000244140625,90.05999755859375,90.3499984741211
2025-01-02,89.9800033569336,90.5999984741211,89.5199966430664,90.0
2025-01-03,90.1500015258789,91.30000305175781,90.13999938964844,90.77999877929688
2025-01-06,90.83000183105469,92.47000122070312,90.66999816894531,91.43000030517578
2025-01-07,91.69999694824219,91.94000244140625,90.44999694824219,90.80999755859375
2025-01-08,91.11000061035156,91.8499984741211,90.81999969482422,91.80000305175781
2025-01-10,92.48999786376953,93.58000183105469,92.19999694824219,93.0
2025-01-13,92.12000274658203,92.43000030517578,91.0999984741211,91.52999877929688
2025-01-14,91.86000061035156,91.9800033569336,90.56999969482422,90.79000091552734
2025-01-15,91.06999969482422,91.7300033569336,90.80999755859375,91.33999633789062
2025-01-16,91.5,91.72000122070312,90.12000274658203,91.30000305175781
2025-01-17,92.06999969482422,92.26000213623047,91.05000305175781,91.94000244140625
2025-01-21,92.4800033569336,94.23999786376953,92.30999755859375,93.08000183105469
2025-01-22,93.7699966430664,94.0,92.5199966430664,93.2300033569336
2025-01-23,92.95999908447266,93.80999755859375,92.31999969482422,93.80999755859375
2025-01-24,93.54000091552734,95.01000213623047,93.45999908447266,94.76000213623047
2025-01-27,95.9000015258789,97.45999908447266,94.81999969482422,97.4000015258789
2025-01-28,97.2300033569336,97.83999633789062,96.7300033569336,97.29000091552734
2025-01-29,97.43000030517578,98.16999816894531,97.22000122070312,97.5
2025-01-30,97.69000244140625,98.93000030517578,97.41999816894531,98.6500015258789
2025-01-31,99.0,99.0,97.69999694824219,98.16000366210938
2025-02-03,96.7699966430664,99.79000091552734,96.47000122070312,99.54000091552734
2025-02-04,99.97000122070312,100.94999694824219,99.69000244140625,100.7699966430664
2025-02-05,100.6500015258789,102.58000183105469,100.54000091552734,102.45999908447266
2025-02-06,102.52999877929688,103.0199966430664,101.94000244140625,102.8499984741211
2025-02-07,103.0,103.11000061035156,101.11000061035156,101.1500015258789
2025-02-10,101.94999694824219,102.93000030517578,101.25,102.91999816894531
2025-02-11,102.62000274658203,102.8499984741211,101.8499984741211,102.47000122070312
2025-02-12,102.12000274658203,103.9000015258789,102.04000091552734,103.61000061035156
2025-02-13,104.0,105.23999786376953,103.52999877929688,105.05000305175781
2025-02-14,105.30000305175781,105.30000305175781,103.5999984741211,104.04000091552734
2025-02-18,103.72000122070312,103.98999786376953,102.51000213623047,103.77999877929688
2025-02-19,103.8499984741211,104.19999694824219,102.55000305175781,104.0
2025-02-20,98.77999877929688,100.12000274658203,96.68000030517578,97.20999908447266
2025-02-21,96.52999877929688,96.8499984741211,94.12000274658203,94.77999877929688
2025-02-24,94.18000030517578,94.63999938964844,92.12000274658203,93.66999816894531
2025-02-25,94.3499984741211,97.91000366210938,94.23999786376953,97.69000244140625
2025-02-26,97.69999694824219,98.7300033569336,96.06999969482422,96.19999694824219
2025-02-27,95.9000015258789,98.04000091552734,95.80999755859375,96.79000091552734
2025-02-28,97.79000091552734,98.86000061035156,97.16999816894531,98.61000061035156
2025-03-03,97.9800033569336,99.48999786376953,96.83000183105469,97.58999633789062
2025-03-04,95.76000213623047,97.05000305175781,94.45999908447266,94.97000122070312
2025-03-05,94.97000122070312,96.38999938964844,94.75,95.9800033569336
2025-03-06,94.80000305175781,96.19000244140625,94.18000030517578,94.63999938964844
2025-03-07,93.94000244140625,93.94999694824219,90.76000213623047,91.72000122070312
2025-03-10,89.76000213623047,90.2300033569336,86.61000061035156,87.81999969482422
2025-03-11,87.29000091552734,89.3499984741211,87.13999938964844,87.44000244140625
2025-03-12,87.87999725341797,89.0999984741211,84.87999725341797,85.19999694824219
2025-03-13,84.94000244140625,85.44999694824219,83.87000274658203,84.5
2025-03-14,84.95999908447266,85.37000274658203,84.05999755859375,85.3499984741211
2025-03-17,85.12999725341797,87.98999786376953,84.9800033569336,87.45999908447266
2025-03-18,87.44000244140625,87.68000030517578,85.5,85.58999633789062
2025-03-19,85.94999694824219,86.79000091552734,85.62000274658203,86.33000183105469
2025-03-20,85.80999755859375,87.08000183105469,85.5199966430664,85.80999755859375
2025-03-21,85.27999877929688,86.2300033569336,84.77999877929688,85.9800033569336
2025-03-24,86.47000122070312,87.6500015258789,86.3499984741211,87.48999786376953
2025-03-25,86.76000213623047,87.30999755859375,84.62000274658203,84.76000213623047
2025-03-26,85.19000244140625,85.55999755859375,84.56999969482422,85.20999908447266
2025-03-27,84.77999877929688,86.11000061035156,84.77999877929688,85.62999725341797
2025-03-28,85.43000030517578,85.83000183105469,84.69999694824219,85.1500015258789
2025-03-31,84.76000213623047,88.19999694824219,84.37000274658203,87.79000091552734
2025-04-01,87.54000091552734,89.11000061035156,87.37000274658203,88.83000183105469
2025-04-02,88.19999694824219,90.1500015258789,88.12000274658203,89.76000213623047
2025-04-03,86.27999877929688,89.87999725341797,86.27999877929688,87.26000213623047
2025-04-04,85.63999938964844,87.38999938964844,82.6500015258789,83.19000244140625
2025-04-07,80.23999786376953,86.26000213623047,79.80999755859375,83.83000183105469
2025-04-08,85.8499984741211,86.97000122070312,81.02999877929688,81.79000091552734
2025-04-09,83.33000183105469,90.80000305175781,83.0199966430664,89.5999984741211
2025-04-10,88.7300033569336,91.87000274658203,88.16000366210938,90.61000061035156
2025-04-11,90.68000030517578,93.3499984741211,90.01000213623047,92.80000305175781
2025-04-14,93.2699966430664,95.44000244140625,92.9000015258789,94.7300033569336
2025-04-15,94.81999969482422,96.02999877929688,93.87000274658203,93.97000122070312
2025-04-16,94.0,94.30000305175781,90.61000061035156,91.19000244140625
2025-04-17,91.83000183105469,93.87000274658203,91.62000274658203,93.22000122070312
2025-04-21,93.0199966430664,94.08000183105469,91.33999633789062,92.41000366210938
2025-04-22,92.87999725341797,95.29000091552734,92.87999725341797,94.8499984741211
2025-04-23,95.0199966430664,96.5999984741211,94.16000366210938,94.95999908447266
2025-04-24,94.70999908447266,96.22000122070312,93.66000366210938,95.83999633789062
2025-04-25,95.80000305175781,96.47000122070312,94.36000061035156,95.08999633789062
2025-04-28,95.0999984741211,96.0,94.33999633789062,95.22000122070312
2025-04-29,94.83999633789062,96.18000030517578,94.41999816894531,96.04000091552734
2025-04-30,95.94000244140625,97.77999877929688,94.93000030517578,97.25
2025-05-01,97.0199966430664,97.9000015258789,96.58999633789062,97.41000366210938
2025-05-02,97.94999694824219,99.22000122070312,97.8499984741211,98.75
2025-05-05,98.94000244140625,99.73999786376953,98.52999877929688,99.33000183105469
2025-05-06,98.73999786376953,99.47000122070312,98.41000366210938,98.55000305175781
2025-05-07,98.55000305175781,99.2300033569336,98.30999755859375,98.83000183105469
2025-05-08,98.75,99.33000183105469,97.36000061035156,97.43000030517578
2025-05-09,96.75,97.19999694824219,96.29000091552734,96.72000122070312
2025-05-12,97.66999816894531,97.97000122070312,95.62000274658203,96.75
2025-05-13,96.5,97.31999969482422,95.2300033569336,95.87999725341797
2025-05-14,96.02999877929688,97.33000183105469,95.83000183105469,96.83000183105469
2025-05-15,94.30000305175781,96.72000122070312,91.88999938964844,96.3499984741211
2025-05-16,96.13999938964844,99.19000244140625,96.0,98.23999786376953
2025-05-19,96.6500015258789,98.27999877929688,95.80999755859375,98.12000274658203
2025-05-20,98.55999755859375,98.81999969482422,96.5199966430664,97.80000305175781
2025-05-21,97.12999725341797,97.76000213623047,95.9800033569336,96.43000030517578
2025-05-22,96.54000091552734,96.95999908447266,95.81999969482422,95.93000030517578
2025-05-23,95.33999633789062,96.54000091552734,95.0,96.33999633789062
2025-05-27,97.30000305175781,97.80000305175781,96.58000183105469,97.58000183105469
2025-05-28,97.5199966430664,98.23999786376953,97.05999755859375,97.23999786376953
2025-05-29,97.62999725341797,97.7699966430664,96.8499984741211,97.0999984741211
2025-05-30,96.95999908447266,98.93000030517578,96.5999984741211,98.72000122070312
2025-06-02,98.83999633789062,99.91000366210938,98.05000305175781,99.7699966430664
2025-06-03,99.56999969482422,100.88999938964844,98.56999969482422,99.9800033569336
2025-06-04,99.79000091552734,100.12999725341797,99.31999969482422,99.3499984741211
2025-06-05,99.30000305175781,99.58999633789062,97.61000061035156,97.95999908447266
2025-06-06,98.37000274658203,98.55999755859375,96.97000122070312,97.47000122070312
2025-06-09,97.4000015258789,97.8499984741211,96.7699966430664,97.44999694824219
2025-06-10,97.29000091552734,98.08999633789062,96.4800033569336,97.31999969482422
2025-06-11,97.29000091552734,97.29000091552734,95.3499984741211,95.80000305175781
2025-06-12,94.88999938964844,95.26000213623047,93.43000030517578,94.83000183105469
2025-06-13,94.5199966430664,95.31999969482422,94.01000213623047,94.44000244140625
2025-06-16,94.75,95.77999877929688,94.0999984741211,94.29000091552734
2025-06-17,93.94999694824219,94.81999969482422,93.62000274658203,94.25
2025-06-18,94.56999969482422,95.48999786376953,94.08999633789062,95.08999633789062
2025-06-20,95.23999786376953,96.30999755859375,95.19999694824219,96.12000274658203
2025-06-23,95.91999816894531,97.93000030517578,95.66999816894531,97.87000274658203
2025-06-24,97.7300033569336,99.11000061035156,97.25,98.0
2025-06-25,98.30999755859375,98.55999755859375,97.1500015258789,97.26000213623047
2025-06-26,96.9000015258789,97.33999633789062,95.91999816894531,96.0199966430664
2025-06-27,96.31999969482422,97.76000213623047,96.16000366210938,97.2699966430664
2025-06-30,97.2300033569336,98.13999938964844,96.30999755859375,97.77999877929688
2025-07-01,97.5999984741211,99.19000244140625,97.41999816894531,98.23999786376953
2025-07-02,98.12999725341797,98.37999725341797,97.05999755859375,97.61000061035156
2025-07-03,97.69999694824219,98.4800033569336,97.41999816894531,98.36000061035156
2025-07-07,98.2300033569336,99.3499984741211,97.62000274658203,99.3499984741211
2025-07-08,98.81999969482422,99.16999816894531,96.51000213623047,97.08999633789062
2025-07-09,97.1500015258789,97.29000091552734,96.37999725341797,96.80999755859375
2025-07-10,96.66000366210938,96.77999877929688,94.73999786376953,94.86000061035156
2025-07-11,95.01000213623047,95.52999877929688,94.2300033569336,94.4000015258789
2025-07-14,94.51000213623047,95.83999633789062,94.37999725341797,95.77999877929688
2025-07-15,95.5999984741211,95.77999877929688,94.94000244140625,95.38999938964844
2025-07-16,95.41999816894531,95.83000183105469,94.61000061035156,95.1500015258789
2025-07-17,95.08000183105469,95.62999725341797,94.88999938964844,95.08999633789062
2025-07-18,95.08999633789062,95.4800033569336,94.43000030517578,95.05000305175781
2025-07-21,95.26000213623047,96.63999938964844,95.0999984741211,95.66999816894531
2025-07-22,95.83999633789062,96.66999816894531,95.73999786376953,95.8499984741211
2025-07-23,96.01000213623047,96.29000091552734,95.29000091552734,95.68000030517578
2025-07-24,95.56999969482422,96.95999908447266,95.3499984741211,96.5999984741211
2025-07-25,96.83999633789062,97.6500015258789,96.52999877929688,97.47000122070312
2025-07-28,97.27999877929688,98.12999725341797,97.08000183105469,97.61000061035156
2025-07-29,97.77999877929688,98.72000122070312,97.33999633789062,98.33000183105469
2025-07-30,98.61000061035156,98.87999725341797,97.29000091552734,97.58999633789062
2025-07-31,97.44000244140625,98.62999725341797,97.30999755859375,97.9800033569336
2025-08-01,98.0,98.83000183105469,97.66999816894531,98.48999786376953
2025-08-04,98.19999694824219,99.91000366210938,98.19999694824219,99.58999633789062
2025-08-05,99.66999816894531,100.47000122070312,98.91000366210938,99.30999755859375
2025-08-06,99.45999908447266,103.69000244140625,99.45999908447266,103.36000061035156
2025-08-07,103.45999908447266,103.9000015258789,102.11000061035156,103.12000274658203
2025-08-08,103.37000274658203,104.72000122070312,103.1500015258789,103.7300033569336
2025-08-11,103.9000015258789,104.33000183105469,103.11000061035156,103.93000030517578
2025-08-12,104.25,104.30999755859375,103.37000274658203,103.62000274658203
2025-08-13,102.1500015258789,102.80999755859375,100.8499984741211,100.98999786376953
2025-08-14,101.22000122070312,101.44000244140625,100.72000122070312,100.8499984741211
2025-08-15,100.62999725341797,100.7699966430664,99.54000091552734,100.0
2025-08-18,100.0,100.87999725341797,99.91999816894531,100.69999694824219
2025-08-19,100.95999908447266,102.43000030517578,100.80000305175781,101.29000091552734
2025-08-20,101.1500015258789,102.6500015258789,100.93000030517578,102.56999969482422
2025-08-21,99.41000366210938,99.44999694824219,96.94999694824219,97.95999908447266
2025-08-22,98.06999969482422,99.05000305175781,96.76000213623047,96.83000183105469
2025-08-25,97.0,97.58000183105469,96.06999969482422,96.06999969482422
2025-08-26,96.27999877929688,96.47000122070312,95.41999816894531,96.05000305175781
2025-08-27,95.9000015258789,96.31999969482422,95.5999984741211,96.08000183105469
2025-08-28,96.0,96.56999969482422,95.69999694824219,96.11000061035156
2025-08-29,96.0999984741211,97.02999877929688,95.80000305175781,96.9800033569336
2025-09-02,97.2300033569336,97.8499984741211,96.51000213623047,97.8499984741211
2025-09-03,97.8499984741211,99.44000244140625,97.5,99.44000244140625
2025-09-04,99.91000366210938,101.3499984741211,99.6500015258789,100.93000030517578
2025-09-05,101.08000183105469,101.4800033569336,99.55000305175781,100.51000213623047
2025-09-08,100.8499984741211,102.36000061035156,100.41999816894531,102.27999877929688
2025-09-09,102.0,102.48999786376953,101.55000305175781,102.29000091552734
2025-09-10,101.94999694824219,102.44999694824219,100.38999938964844,100.41000366210938
2025-09-11,100.98999786376953,102.77999877929688,100.27999877929688,102.6500015258789
2025-09-12,102.54000091552734,103.9800033569336,102.36000061035156,103.48999786376953
2025-09-15,103.6500015258789,103.9800033569336,103.41000366210938,103.69000244140625
2025-09-16,103.8499984741211,104.20999908447266,103.12999725341797,103.41999816894531
2025-09-17,103.7300033569336,106.11000061035156,103.7300033569336,104.2699966430664
2025-09-18,103.77999877929688,104.63999938964844,102.12000274658203,103.5999984741211
2025-09-19,103.80999755859375,103.94000244140625,102.08999633789062,102.33000183105469
2025-09-22,102.44999694824219,103.19999694824219,101.91999816894531,102.81999969482422
2025-09-23,102.41000366210938,102.68000030517578,101.33000183105469,102.5199966430664
2025-09-24,103.04000091552734,103.47000122070312,102.4800033569336,102.7300033569336
2025-09-25,103.22000122070312,103.51000213623047,102.58000183105469,103.05000305175781
2025-09-26,102.87999725341797,103.48999786376953,102.47000122070312,103.16000366210938
2025-09-29,103.05000305175781,103.30999755859375,102.08000183105469,103.08000183105469
2025-09-30,103.0,103.94000244140625,102.72000122070312,103.05999755859375
2025-10-01,102.55999755859375,102.86000061035156,100.55000305175781,101.95999908447266
2025-10-02,101.44999694824219,102.13999938964844,99.87000274658203,101.69999694824219
2025-10-03,101.45999908447266,102.81999969482422,101.19999694824219,102.06999969482422
2025-10-06,101.87999725341797,103.06999969482422,101.58000183105469,102.69999694824219
2025-10-07,102.37999725341797,103.25,100.94999694824219,103.23999786376953
2025-10-08,103.0199966430664,103.26000213623047,102.1500015258789,102.9000015258789
2025-10-09,103.12999725341797,103.44999694824219,100.37000274658203,101.7699966430664
2025-10-10,102.05000305175781,103.62999725341797,101.5199966430664,101.83999633789062
2025-10-13,101.37000274658203,102.44999694824219,101.06999969482422,102.12000274658203
2025-10-14,104.05000305175781,107.91999816894531,102.88999938964844,107.20999908447266
2025-10-15,107.31999969482422,109.55999755859375,107.30000305175781,109.02999877929688
2025-10-16,109.19999694824219,109.58000183105469,105.66000366210938,106.47000122070312
2025-10-17,107.16999816894531,108.19999694824219,106.22000122070312,107.7300033569336
2025-10-20,107.8499984741211,108.25,106.61000061035156,107.05000305175781
2025-10-21,107.33000183105469,107.4800033569336,106.18000030517578,106.22000122070312
2025-10-22,106.55000305175781,107.7699966430664,105.66000366210938,107.13999938964844
2025-10-23,107.3499984741211,107.56999969482422,105.77999877929688,106.86000061035156
2025-10-24,107.06999969482422,107.16999816894531,105.51000213623047,106.16999816894531
2025-10-27,106.33999633789062,106.36000061035156,104.1500015258789,104.47000122070312
2025-10-28,104.05999755859375,104.13999938964844,103.05000305175781,103.16999816894531
2025-10-29,102.91000366210938,103.66999816894531,102.11000061035156,102.45999908447266
2025-10-30,102.19999694824219,103.37000274658203,101.95999908447266,102.2300033569336
2025-10-31,101.69999694824219,102.0999984741211,100.18000030517578,101.18000030517578
2025-11-03,100.81999969482422,101.80000305175781,100.4000015258789,101.58999633789062
2025-11-04,102.12999725341797,102.62000274658203,101.45999908447266,102.2699966430664
2025-11-05,101.73999786376953,102.68000030517578,100.8499984741211,101.47000122070312
2025-11-06,101.33999633789062,101.93000030517578,100.02999877929688,101.68000030517578
2025-11-07,102.12999725341797,102.97000122070312,101.7300033569336,102.58999633789062
2025-11-10,102.1500015258789,102.66999816894531,101.5999984741211,102.41999816894531
2025-11-11,102.5,103.73999786376953,102.31999969482422,103.44000244140625
2025-11-12,103.3499984741211,103.5999984741211,102.66000366210938,103.44000244140625
2025-11-13,103.58999633789062,103.93000030517578,102.0199966430664,102.54000091552734
2025-11-14,100.19999694824219,102.48999786376953,98.87999725341797,102.4800033569336
2025-11-17,102.58000183105469,103.31999969482422,102.0999984741211,102.94999694824219
2025-11-18,102.9800033569336,103.33999633789062,101.37999725341797,101.38999938964844
2025-11-19,101.58000183105469,101.70999908447266,99.68000030517578,100.61000061035156
2025-11-20,103.94000244140625,107.91000366210938,102.68000030517578,107.11000061035156
2025-11-21,107.9800033569336,108.1500015258789,104.72000122070312,105.31999969482422
2025-11-24,105.36000061035156,106.2699966430664,103.76000213623047,104.05999755859375
2025-11-25,104.61000061035156,107.41999816894531,104.2300033569336,107.0
2025-11-26,107.19999694824219,109.58999633789062,107.16999816894531,109.0999984741211
2025-11-28,109.30000305175781,110.69999694824219,109.0,110.51000213623047
2025-12-01,110.51000213623047,111.76000213623047,110.36000061035156,111.52999877929688
2025-12-02,111.47000122070312,112.6500015258789,110.79000091552734,112.41000366210938
2025-12-03,112.5,114.88999938964844,112.22000122070312,114.41000366210938
2025-12-04,113.62000274658203,114.88999938964844,113.16000366210938,114.83999633789062
2025-12-05,114.7300033569336,116.2699966430664,114.68000030517578,115.11000061035156
2025-12-08,114.56999969482422,114.98999786376953,112.30000305175781,113.55999755859375
2025-12-09,113.94999694824219,115.72000122070312,113.0199966430664,115.05999755859375
2025-12-10,115.3499984741211,116.2300033569336,112.98999786376953,113.18000030517578
2025-12-11,113.13999938964844,115.87000274658203,112.8499984741211,115.5199966430664
2025-12-12,115.26000213623047,116.94999694824219,115.0199966430664,116.69999694824219
2025-12-15,116.93000030517578,117.44999694824219,115.63999938964844,116.79000091552734
2025-12-16,116.58000183105469,116.87999725341797,114.94999694824219,115.41999816894531
2025-12-17,115.19999694824219,116.38999938964844,115.06999969482422,115.66000366210938
2025-12-18,115.01000213623047,116.4800033569336,114.61000061035156,114.83000183105469
2025-12-19,115.13999938964844,115.27999877929688,113.52999877929688,114.36000061035156
2025-12-22,114.01000213623047,114.31999969482422,112.22000122070312,112.5999984741211
2025-12-23,111.98999786376953,112.3499984741211,110.69999694824219,110.9000015258789
2025-12-24,110.9000015258789,111.70999908447266,110.55000305175781,111.61000061035156
2025-12-26,111.72000122070312,111.97000122070312,111.36000061035156,111.73999786376953
2025-12-29,111.58999633789062,112.77999877929688,111.56999969482422,112.52999877929688
2025-12-30,111.88999938964844,112.69000244140625,111.83999633789062,111.91999816894531
2025-12-31,111.7300033569336,112.25,111.31999969482422,111.41000366210938
